dealer,model,month,month_name,si
DEALER 1,A1,1,Ocak,0.0
DEALER 1,A1,2,Şubat,0.0
DEALER 1,A1,3,Mart,0.0
DEALER 1,A1,4,Nisan,0.0
DEALER 1,A1,5,Mayıs,0.0
DEALER 1,A1,6,Haziran,0.0
DEALER 1,A1,7,Temmuz,0.0
DEALER 1,A1,8,Ağustos,0.0
DEALER 1,A1,9,Eylül,4.0
DEALER 1,A1,10,Ekim,0.8
DEALER 1,A1,11,Kasım,4.0
DEALER 1,A1,12,Aralık,3.2
DEALER 1,A2,1,Ocak,0.7798
DEALER 1,A2,2,Şubat,0.7798
DEALER 1,A2,3,Mart,0.6931
DEALER 1,A2,4,Nisan,1.1264
DEALER 1,A2,5,Mayıs,0.7798
DEALER 1,A2,6,Haziran,0.8231
DEALER 1,A2,7,Temmuz,0.7798
DEALER 1,A2,8,Ağustos,0.8664
DEALER 1,A2,9,Eylül,1.1264
DEALER 1,A2,10,Ekim,1.1697
DEALER 1,A2,11,Kasım,0.9964
DEALER 1,A2,12,Aralık,2.0794
DEALER 1,A3,1,Ocak,1.2414
DEALER 1,A3,2,Şubat,1.4483
DEALER 1,A3,3,Mart,1.5517
DEALER 1,A3,4,Nisan,1.1379
DEALER 1,A3,5,Mayıs,0.931
DEALER 1,A3,6,Haziran,0.8276
DEALER 1,A3,7,Temmuz,0.7241
DEALER 1,A3,8,Ağustos,0.7241
DEALER 1,A3,9,Eylül,0.8276
DEALER 1,A3,10,Ekim,0.4138
DEALER 1,A3,11,Kasım,0.8276
DEALER 1,A3,12,Aralık,1.3448
DEALER 1,B1,1,Ocak,0.8471
DEALER 1,B1,2,Şubat,0.9882
DEALER 1,B1,3,Mart,1.6941
DEALER 1,B1,4,Nisan,0.6353
DEALER 1,B1,5,Mayıs,0.9882
DEALER 1,B1,6,Haziran,0.5647
DEALER 1,B1,7,Temmuz,1.4824
DEALER 1,B1,8,Ağustos,1.9059
DEALER 1,B1,9,Eylül,0.9882
DEALER 1,B1,10,Ekim,0.7059
DEALER 1,B1,11,Kasım,0.4941
DEALER 1,B1,12,Aralık,0.7059
DEALER 1,C1,1,Ocak,3.2727
DEALER 1,C1,2,Şubat,3.2727
DEALER 1,C1,3,Mart,0.2182
DEALER 1,C1,4,Nisan,0.2182
DEALER 1,C1,5,Mayıs,1.0909
DEALER 1,C1,6,Haziran,0.6545
DEALER 1,C1,7,Temmuz,0.2182
DEALER 1,C1,8,Ağustos,0.8727
DEALER 1,C1,9,Eylül,0.8727
DEALER 1,C1,10,Ekim,0.8727
DEALER 1,C1,11,Kasım,0.4364
DEALER 1,C1,12,Aralık,0.0
DEALER 10,A2,1,Ocak,0.7273
DEALER 10,A2,2,Şubat,0.4848
DEALER 10,A2,3,Mart,1.2121
DEALER 10,A2,4,Nisan,0.9697
DEALER 10,A2,5,Mayıs,0.4848
DEALER 10,A2,6,Haziran,0.6061
DEALER 10,A2,7,Temmuz,1.4545
DEALER 10,A2,8,Ağustos,0.8485
DEALER 10,A2,9,Eylül,0.6061
DEALER 10,A2,10,Ekim,1.0909
DEALER 10,A2,11,Kasım,1.9394
DEALER 10,A2,12,Aralık,1.5758
DEALER 10,A3,1,Ocak,0.8372
DEALER 10,A3,2,Şubat,1.1163
DEALER 10,A3,3,Mart,3.3488
DEALER 10,A3,4,Nisan,0.8372
DEALER 10,A3,5,Mayıs,0.8372
DEALER 10,A3,6,Haziran,0.5581
DEALER 10,A3,7,Temmuz,0.0
DEALER 10,A3,8,Ağustos,1.1163
DEALER 10,A3,9,Eylül,0.5581
DEALER 10,A3,10,Ekim,0.8372
DEALER 10,A3,11,Kasım,1.1163
DEALER 10,A3,12,Aralık,0.8372
DEALER 10,B1,1,Ocak,0.5854
DEALER 10,B1,2,Şubat,0.878
DEALER 10,B1,3,Mart,1.1707
DEALER 10,B1,4,Nisan,0.0
DEALER 10,B1,5,Mayıs,0.878
DEALER 10,B1,6,Haziran,2.3415
DEALER 10,B1,7,Temmuz,0.5854
DEALER 10,B1,8,Ağustos,1.7561
DEALER 10,B1,9,Eylül,0.878
DEALER 10,B1,10,Ekim,0.878
DEALER 10,B1,11,Kasım,0.5854
DEALER 10,B1,12,Aralık,1.4634
DEALER 10,C1,1,Ocak,2.4
DEALER 10,C1,2,Şubat,2.6667
DEALER 10,C1,3,Mart,0.0
DEALER 10,C1,4,Nisan,0.5333
DEALER 10,C1,5,Mayıs,0.0
DEALER 10,C1,6,Haziran,1.0667
DEALER 10,C1,7,Temmuz,1.0667
DEALER 10,C1,8,Ağustos,0.5333
DEALER 10,C1,9,Eylül,0.0
DEALER 10,C1,10,Ekim,1.0667
DEALER 10,C1,11,Kasım,2.1333
DEALER 10,C1,12,Aralık,0.5333
DEALER 11,A2,1,Ocak,0.5217
DEALER 11,A2,2,Şubat,2.087
DEALER 11,A2,3,Mart,0.0
DEALER 11,A2,4,Nisan,1.0435
DEALER 11,A2,5,Mayıs,0.0
DEALER 11,A2,6,Haziran,0.7826
DEALER 11,A2,7,Temmuz,1.0435
DEALER 11,A2,8,Ağustos,1.5652
DEALER 11,A2,9,Eylül,0.5217
DEALER 11,A2,10,Ekim,1.0435
DEALER 11,A2,11,Kasım,0.0
DEALER 11,A2,12,Aralık,3.3913
DEALER 11,A3,1,Ocak,2.1429
DEALER 11,A3,2,Şubat,1.7143
DEALER 11,A3,3,Mart,1.7143
DEALER 11,A3,4,Nisan,0.8571
DEALER 11,A3,5,Mayıs,1.2857
DEALER 11,A3,6,Haziran,0.8571
DEALER 11,A3,7,Temmuz,0.8571
DEALER 11,A3,8,Ağustos,0.8571
DEALER 11,A3,9,Eylül,0.0
DEALER 11,A3,10,Ekim,0.0
DEALER 11,A3,11,Kasım,0.0
DEALER 11,A3,12,Aralık,1.7143
DEALER 11,B1,1,Ocak,1.0
DEALER 11,B1,2,Şubat,1.0
DEALER 11,B1,3,Mart,2.0
DEALER 11,B1,4,Nisan,1.0
DEALER 11,B1,5,Mayıs,2.0
DEALER 11,B1,6,Haziran,1.0
DEALER 11,B1,7,Temmuz,0.0
DEALER 11,B1,8,Ağustos,0.0
DEALER 11,B1,9,Eylül,1.0
DEALER 11,B1,10,Ekim,1.0
DEALER 11,B1,11,Kasım,1.0
DEALER 11,B1,12,Aralık,1.0
DEALER 11,C1,1,Ocak,4.3636
DEALER 11,C1,2,Şubat,3.2727
DEALER 11,C1,3,Mart,0.0
DEALER 11,C1,4,Nisan,1.0909
DEALER 11,C1,5,Mayıs,0.0
DEALER 11,C1,6,Haziran,0.0
DEALER 11,C1,7,Temmuz,0.0
DEALER 11,C1,8,Ağustos,0.0
DEALER 11,C1,9,Eylül,1.0909
DEALER 11,C1,10,Ekim,0.0
DEALER 11,C1,11,Kasım,1.0909
DEALER 11,C1,12,Aralık,1.0909
DEALER 12,A2,1,Ocak,0.699
DEALER 12,A2,2,Şubat,0.699
DEALER 12,A2,3,Mart,0.932
DEALER 12,A2,4,Nisan,1.165
DEALER 12,A2,5,Mayıs,0.932
DEALER 12,A2,6,Haziran,0.699
DEALER 12,A2,7,Temmuz,1.165
DEALER 12,A2,8,Ağustos,1.3981
DEALER 12,A2,9,Eylül,1.3981
DEALER 12,A2,10,Ekim,0.932
DEALER 12,A2,11,Kasım,0.466
DEALER 12,A2,12,Aralık,1.5146
DEALER 12,A3,1,Ocak,0.973
DEALER 12,A3,2,Şubat,1.2973
DEALER 12,A3,3,Mart,0.973
DEALER 12,A3,4,Nisan,0.6486
DEALER 12,A3,5,Mayıs,0.973
DEALER 12,A3,6,Haziran,1.9459
DEALER 12,A3,7,Temmuz,1.6216
DEALER 12,A3,8,Ağustos,0.973
DEALER 12,A3,9,Eylül,0.6486
DEALER 12,A3,10,Ekim,0.6486
DEALER 12,A3,11,Kasım,0.0
DEALER 12,A3,12,Aralık,1.2973
DEALER 12,B1,1,Ocak,1.0345
DEALER 12,B1,2,Şubat,0.8276
DEALER 12,B1,3,Mart,1.6552
DEALER 12,B1,4,Nisan,0.8276
DEALER 12,B1,5,Mayıs,0.8276
DEALER 12,B1,6,Haziran,1.4483
DEALER 12,B1,7,Temmuz,0.8276
DEALER 12,B1,8,Ağustos,1.4483
DEALER 12,B1,9,Eylül,1.0345
DEALER 12,B1,10,Ekim,0.8276
DEALER 12,B1,11,Kasım,0.8276
DEALER 12,B1,12,Aralık,0.4138
DEALER 12,C1,1,Ocak,5.76
DEALER 12,C1,2,Şubat,1.44
DEALER 12,C1,3,Mart,0.0
DEALER 12,C1,4,Nisan,0.48
DEALER 12,C1,5,Mayıs,0.48
DEALER 12,C1,6,Haziran,1.92
DEALER 12,C1,7,Temmuz,0.0
DEALER 12,C1,8,Ağustos,0.0
DEALER 12,C1,9,Eylül,0.48
DEALER 12,C1,10,Ekim,0.96
DEALER 12,C1,11,Kasım,0.0
DEALER 12,C1,12,Aralık,0.48
DEALER 13,A1,1,Ocak,0.0
DEALER 13,A1,2,Şubat,0.0
DEALER 13,A1,3,Mart,0.0
DEALER 13,A1,4,Nisan,0.0
DEALER 13,A1,5,Mayıs,0.0
DEALER 13,A1,6,Haziran,0.0
DEALER 13,A1,7,Temmuz,0.0
DEALER 13,A1,8,Ağustos,0.0
DEALER 13,A1,9,Eylül,4.8
DEALER 13,A1,10,Ekim,0.0
DEALER 13,A1,11,Kasım,3.6
DEALER 13,A1,12,Aralık,3.6
DEALER 13,A2,1,Ocak,0.9032
DEALER 13,A2,2,Şubat,0.6452
DEALER 13,A2,3,Mart,0.3871
DEALER 13,A2,4,Nisan,1.0323
DEALER 13,A2,5,Mayıs,1.1613
DEALER 13,A2,6,Haziran,1.0323
DEALER 13,A2,7,Temmuz,0.7097
DEALER 13,A2,8,Ağustos,1.0323
DEALER 13,A2,9,Eylül,1.0323
DEALER 13,A2,10,Ekim,1.2258
DEALER 13,A2,11,Kasım,0.9677
DEALER 13,A2,12,Aralık,1.871
DEALER 13,A3,1,Ocak,0.9114
DEALER 13,A3,2,Şubat,1.2152
DEALER 13,A3,3,Mart,0.9114
DEALER 13,A3,4,Nisan,0.7595
DEALER 13,A3,5,Mayıs,0.3038
DEALER 13,A3,6,Haziran,1.2152
DEALER 13,A3,7,Temmuz,1.2152
DEALER 13,A3,8,Ağustos,1.2152
DEALER 13,A3,9,Eylül,1.519
DEALER 13,A3,10,Ekim,0.7595
DEALER 13,A3,11,Kasım,0.6076
DEALER 13,A3,12,Aralık,1.3671
DEALER 13,B1,1,Ocak,0.8348
DEALER 13,B1,2,Şubat,1.6696
DEALER 13,B1,3,Mart,1.5652
DEALER 13,B1,4,Nisan,0.9391
DEALER 13,B1,5,Mayıs,0.8348
DEALER 13,B1,6,Haziran,0.313
DEALER 13,B1,7,Temmuz,1.2522
DEALER 13,B1,8,Ağustos,1.1478
DEALER 13,B1,9,Eylül,0.7304
DEALER 13,B1,10,Ekim,0.8348
DEALER 13,B1,11,Kasım,1.1478
DEALER 13,B1,12,Aralık,0.7304
DEALER 13,C1,1,Ocak,4.5882
DEALER 13,C1,2,Şubat,1.0588
DEALER 13,C1,3,Mart,0.3529
DEALER 13,C1,4,Nisan,0.3529
DEALER 13,C1,5,Mayıs,0.3529
DEALER 13,C1,6,Haziran,1.0588
DEALER 13,C1,7,Temmuz,0.7059
DEALER 13,C1,8,Ağustos,0.3529
DEALER 13,C1,9,Eylül,1.4118
DEALER 13,C1,10,Ekim,0.7059
DEALER 13,C1,11,Kasım,0.7059
DEALER 13,C1,12,Aralık,0.3529
DEALER 14,A2,1,Ocak,0.7956
DEALER 14,A2,2,Şubat,0.663
DEALER 14,A2,3,Mart,0.7956
DEALER 14,A2,4,Nisan,0.3978
DEALER 14,A2,5,Mayıs,1.0608
DEALER 14,A2,6,Haziran,0.5304
DEALER 14,A2,7,Temmuz,0.4641
DEALER 14,A2,8,Ağustos,0.9945
DEALER 14,A2,9,Eylül,1.7238
DEALER 14,A2,10,Ekim,1.5249
DEALER 14,A2,11,Kasım,1.0608
DEALER 14,A2,12,Aralık,1.989
DEALER 14,A3,1,Ocak,1.7727
DEALER 14,A3,2,Şubat,0.5455
DEALER 14,A3,3,Mart,0.9545
DEALER 14,A3,4,Nisan,0.8182
DEALER 14,A3,5,Mayıs,0.5455
DEALER 14,A3,6,Haziran,1.3636
DEALER 14,A3,7,Temmuz,0.8182
DEALER 14,A3,8,Ağustos,0.2727
DEALER 14,A3,9,Eylül,0.5455
DEALER 14,A3,10,Ekim,0.2727
DEALER 14,A3,11,Kasım,1.0909
DEALER 14,A3,12,Aralık,3.0
DEALER 14,B1,1,Ocak,1.2468
DEALER 14,B1,2,Şubat,0.9351
DEALER 14,B1,3,Mart,2.1818
DEALER 14,B1,4,Nisan,0.6234
DEALER 14,B1,5,Mayıs,0.4675
DEALER 14,B1,6,Haziran,1.4026
DEALER 14,B1,7,Temmuz,1.0909
DEALER 14,B1,8,Ağustos,0.7792
DEALER 14,B1,9,Eylül,1.2468
DEALER 14,B1,10,Ekim,0.4675
DEALER 14,B1,11,Kasım,0.3117
DEALER 14,B1,12,Aralık,1.2468
DEALER 14,C1,1,Ocak,3.75
DEALER 14,C1,2,Şubat,1.75
DEALER 14,C1,3,Mart,0.25
DEALER 14,C1,4,Nisan,0.0
DEALER 14,C1,5,Mayıs,0.5
DEALER 14,C1,6,Haziran,3.5
DEALER 14,C1,7,Temmuz,0.25
DEALER 14,C1,8,Ağustos,0.5
DEALER 14,C1,9,Eylül,0.75
DEALER 14,C1,10,Ekim,0.5
DEALER 14,C1,11,Kasım,0.25
DEALER 14,C1,12,Aralık,0.0
DEALER 15,A2,1,Ocak,0.7059
DEALER 15,A2,2,Şubat,0.1412
DEALER 15,A2,3,Mart,0.4235
DEALER 15,A2,4,Nisan,0.7059
DEALER 15,A2,5,Mayıs,1.1294
DEALER 15,A2,6,Haziran,0.7059
DEALER 15,A2,7,Temmuz,0.9882
DEALER 15,A2,8,Ağustos,1.2706
DEALER 15,A2,9,Eylül,1.2706
DEALER 15,A2,10,Ekim,1.3412
DEALER 15,A2,11,Kasım,1.8353
DEALER 15,A2,12,Aralık,1.4824
DEALER 15,A3,1,Ocak,1.0992
DEALER 15,A3,2,Şubat,1.0076
DEALER 15,A3,3,Mart,2.1985
DEALER 15,A3,4,Nisan,1.4656
DEALER 15,A3,5,Mayıs,0.5496
DEALER 15,A3,6,Haziran,1.374
DEALER 15,A3,7,Temmuz,1.374
DEALER 15,A3,8,Ağustos,0.1832
DEALER 15,A3,9,Eylül,0.3664
DEALER 15,A3,10,Ekim,0.5496
DEALER 15,A3,11,Kasım,0.7328
DEALER 15,A3,12,Aralık,1.0992
DEALER 15,B1,1,Ocak,0.3564
DEALER 15,B1,2,Şubat,1.7822
DEALER 15,B1,3,Mart,2.3762
DEALER 15,B1,4,Nisan,0.9505
DEALER 15,B1,5,Mayıs,0.7129
DEALER 15,B1,6,Haziran,0.5941
DEALER 15,B1,7,Temmuz,0.9505
DEALER 15,B1,8,Ağustos,2.0198
DEALER 15,B1,9,Eylül,0.7129
DEALER 15,B1,10,Ekim,0.7129
DEALER 15,B1,11,Kasım,0.0
DEALER 15,B1,12,Aralık,0.8317
DEALER 15,C1,1,Ocak,4.5176
DEALER 15,C1,2,Şubat,1.6941
DEALER 15,C1,3,Mart,0.2824
DEALER 15,C1,4,Nisan,0.2824
DEALER 15,C1,5,Mayıs,0.7059
DEALER 15,C1,6,Haziran,0.5647
DEALER 15,C1,7,Temmuz,0.5647
DEALER 15,C1,8,Ağustos,0.2824
DEALER 15,C1,9,Eylül,0.5647
DEALER 15,C1,10,Ekim,1.1294
DEALER 15,C1,11,Kasım,1.4118
DEALER 15,C1,12,Aralık,0.0
DEALER 16,A2,1,Ocak,1.0701
DEALER 16,A2,2,Şubat,0.9172
DEALER 16,A2,3,Mart,0.4586
DEALER 16,A2,4,Nisan,1.3758
DEALER 16,A2,5,Mayıs,0.4586
DEALER 16,A2,6,Haziran,1.1465
DEALER 16,A2,7,Temmuz,0.9172
DEALER 16,A2,8,Ağustos,0.7643
DEALER 16,A2,9,Eylül,1.2229
DEALER 16,A2,10,Ekim,1.2994
DEALER 16,A2,11,Kasım,0.8408
DEALER 16,A2,12,Aralık,1.5287
DEALER 16,A3,1,Ocak,0.9767
DEALER 16,A3,2,Şubat,1.814
DEALER 16,A3,3,Mart,2.093
DEALER 16,A3,4,Nisan,0.8372
DEALER 16,A3,5,Mayıs,0.8372
DEALER 16,A3,6,Haziran,0.8372
DEALER 16,A3,7,Temmuz,1.1163
DEALER 16,A3,8,Ağustos,1.2558
DEALER 16,A3,9,Eylül,0.2791
DEALER 16,A3,10,Ekim,0.6977
DEALER 16,A3,11,Kasım,0.2791
DEALER 16,A3,12,Aralık,0.9767
DEALER 16,B1,1,Ocak,0.7328
DEALER 16,B1,2,Şubat,1.0992
DEALER 16,B1,3,Mart,2.1069
DEALER 16,B1,4,Nisan,0.6412
DEALER 16,B1,5,Mayıs,0.916
DEALER 16,B1,6,Haziran,0.916
DEALER 16,B1,7,Temmuz,0.916
DEALER 16,B1,8,Ağustos,1.7405
DEALER 16,B1,9,Eylül,0.7328
DEALER 16,B1,10,Ekim,1.1908
DEALER 16,B1,11,Kasım,0.3664
DEALER 16,B1,12,Aralık,0.6412
DEALER 16,C1,1,Ocak,4.7143
DEALER 16,C1,2,Şubat,1.0714
DEALER 16,C1,3,Mart,0.2143
DEALER 16,C1,4,Nisan,0.5357
DEALER 16,C1,5,Mayıs,0.8571
DEALER 16,C1,6,Haziran,0.75
DEALER 16,C1,7,Temmuz,0.8571
DEALER 16,C1,8,Ağustos,0.6429
DEALER 16,C1,9,Eylül,0.2143
DEALER 16,C1,10,Ekim,0.8571
DEALER 16,C1,11,Kasım,1.0714
DEALER 16,C1,12,Aralık,0.2143
DEALER 17,A1,1,Ocak,0.0
DEALER 17,A1,2,Şubat,0.0
DEALER 17,A1,3,Mart,0.0
DEALER 17,A1,4,Nisan,0.0
DEALER 17,A1,5,Mayıs,0.0
DEALER 17,A1,6,Haziran,0.0
DEALER 17,A1,7,Temmuz,0.0
DEALER 17,A1,8,Ağustos,0.0
DEALER 17,A1,9,Eylül,3.6923
DEALER 17,A1,10,Ekim,0.0
DEALER 17,A1,11,Kasım,1.8462
DEALER 17,A1,12,Aralık,6.4615
DEALER 17,A2,1,Ocak,0.3861
DEALER 17,A2,2,Şubat,0.4504
DEALER 17,A2,3,Mart,0.4504
DEALER 17,A2,4,Nisan,0.9008
DEALER 17,A2,5,Mayıs,1.6729
DEALER 17,A2,6,Haziran,0.2252
DEALER 17,A2,7,Temmuz,2.1555
DEALER 17,A2,8,Ağustos,1.0938
DEALER 17,A2,9,Eylül,1.7373
DEALER 17,A2,10,Ekim,1.1903
DEALER 17,A2,11,Kasım,0.5469
DEALER 17,A2,12,Aralık,1.1903
DEALER 17,A3,1,Ocak,1.3793
DEALER 17,A3,2,Şubat,4.046
DEALER 17,A3,3,Mart,0.2759
DEALER 17,A3,4,Nisan,0.5057
DEALER 17,A3,5,Mayıs,0.7356
DEALER 17,A3,6,Haziran,2.6667
DEALER 17,A3,7,Temmuz,0.2299
DEALER 17,A3,8,Ağustos,0.5057
DEALER 17,A3,9,Eylül,0.1839
DEALER 17,A3,10,Ekim,0.4138
DEALER 17,A3,11,Kasım,0.2299
DEALER 17,A3,12,Aralık,0.8276
DEALER 17,B1,1,Ocak,0.2647
DEALER 17,B1,2,Şubat,1.8529
DEALER 17,B1,3,Mart,1.4118
DEALER 17,B1,4,Nisan,1.4118
DEALER 17,B1,5,Mayıs,0.8824
DEALER 17,B1,6,Haziran,0.3529
DEALER 17,B1,7,Temmuz,0.7941
DEALER 17,B1,8,Ağustos,1.8529
DEALER 17,B1,9,Eylül,0.4412
DEALER 17,B1,10,Ekim,1.7647
DEALER 17,B1,11,Kasım,0.2647
DEALER 17,B1,12,Aralık,0.7059
DEALER 17,C1,1,Ocak,1.5057
DEALER 17,C1,2,Şubat,3.4677
DEALER 17,C1,3,Mart,1.0951
DEALER 17,C1,4,Nisan,0.0913
DEALER 17,C1,5,Mayıs,2.0076
DEALER 17,C1,6,Haziran,0.2738
DEALER 17,C1,7,Temmuz,0.8213
DEALER 17,C1,8,Ağustos,0.2738
DEALER 17,C1,9,Eylül,1.4601
DEALER 17,C1,10,Ekim,0.365
DEALER 17,C1,11,Kasım,0.6388
DEALER 17,C1,12,Aralık,0.0
DEALER 18,A1,1,Ocak,0.0
DEALER 18,A1,2,Şubat,0.0
DEALER 18,A1,3,Mart,0.0
DEALER 18,A1,4,Nisan,0.0
DEALER 18,A1,5,Mayıs,0.0
DEALER 18,A1,6,Haziran,0.0
DEALER 18,A1,7,Temmuz,0.0
DEALER 18,A1,8,Ağustos,0.0
DEALER 18,A1,9,Eylül,2.4
DEALER 18,A1,10,Ekim,0.0
DEALER 18,A1,11,Kasım,7.2
DEALER 18,A1,12,Aralık,2.4
DEALER 18,A2,1,Ocak,0.9711
DEALER 18,A2,2,Şubat,0.4162
DEALER 18,A2,3,Mart,1.2486
DEALER 18,A2,4,Nisan,0.4162
DEALER 18,A2,5,Mayıs,0.5549
DEALER 18,A2,6,Haziran,0.8324
DEALER 18,A2,7,Temmuz,0.5549
DEALER 18,A2,8,Ağustos,1.1792
DEALER 18,A2,9,Eylül,1.3179
DEALER 18,A2,10,Ekim,1.0405
DEALER 18,A2,11,Kasım,0.9711
DEALER 18,A2,12,Aralık,2.4971
DEALER 18,A3,1,Ocak,1.5
DEALER 18,A3,2,Şubat,1.7143
DEALER 18,A3,3,Mart,1.7143
DEALER 18,A3,4,Nisan,0.8571
DEALER 18,A3,5,Mayıs,0.0
DEALER 18,A3,6,Haziran,1.0714
DEALER 18,A3,7,Temmuz,1.0714
DEALER 18,A3,8,Ağustos,0.6429
DEALER 18,A3,9,Eylül,0.6429
DEALER 18,A3,10,Ekim,0.0
DEALER 18,A3,11,Kasım,1.0714
DEALER 18,A3,12,Aralık,1.7143
DEALER 18,B1,1,Ocak,0.7368
DEALER 18,B1,2,Şubat,0.4211
DEALER 18,B1,3,Mart,2.4211
DEALER 18,B1,4,Nisan,1.5789
DEALER 18,B1,5,Mayıs,0.6316
DEALER 18,B1,6,Haziran,1.0526
DEALER 18,B1,7,Temmuz,1.0526
DEALER 18,B1,8,Ağustos,1.6842
DEALER 18,B1,9,Eylül,0.5263
DEALER 18,B1,10,Ekim,0.6316
DEALER 18,B1,11,Kasım,0.5263
DEALER 18,B1,12,Aralık,0.7368
DEALER 18,C1,1,Ocak,3.8049
DEALER 18,C1,2,Şubat,2.3415
DEALER 18,C1,3,Mart,0.5854
DEALER 18,C1,4,Nisan,0.2927
DEALER 18,C1,5,Mayıs,0.2927
DEALER 18,C1,6,Haziran,0.2927
DEALER 18,C1,7,Temmuz,0.5854
DEALER 18,C1,8,Ağustos,0.878
DEALER 18,C1,9,Eylül,0.5854
DEALER 18,C1,10,Ekim,0.2927
DEALER 18,C1,11,Kasım,1.4634
DEALER 18,C1,12,Aralık,0.5854
DEALER 19,A2,1,Ocak,1.2632
DEALER 19,A2,2,Şubat,0.6316
DEALER 19,A2,3,Mart,0.3158
DEALER 19,A2,4,Nisan,0.3158
DEALER 19,A2,5,Mayıs,1.8947
DEALER 19,A2,6,Haziran,0.6316
DEALER 19,A2,7,Temmuz,0.4737
DEALER 19,A2,8,Ağustos,0.9474
DEALER 19,A2,9,Eylül,0.6316
DEALER 19,A2,10,Ekim,0.7895
DEALER 19,A2,11,Kasım,2.5263
DEALER 19,A2,12,Aralık,1.5789
DEALER 19,A3,1,Ocak,0.6
DEALER 19,A3,2,Şubat,0.6
DEALER 19,A3,3,Mart,1.5
DEALER 19,A3,4,Nisan,0.6
DEALER 19,A3,5,Mayıs,2.4
DEALER 19,A3,6,Haziran,1.2
DEALER 19,A3,7,Temmuz,0.6
DEALER 19,A3,8,Ağustos,0.6
DEALER 19,A3,9,Eylül,1.2
DEALER 19,A3,10,Ekim,0.6
DEALER 19,A3,11,Kasım,0.9
DEALER 19,A3,12,Aralık,1.2
DEALER 19,B1,1,Ocak,0.8136
DEALER 19,B1,2,Şubat,1.0169
DEALER 19,B1,3,Mart,2.0339
DEALER 19,B1,4,Nisan,0.6102
DEALER 19,B1,5,Mayıs,1.2203
DEALER 19,B1,6,Haziran,0.6102
DEALER 19,B1,7,Temmuz,0.4068
DEALER 19,B1,8,Ağustos,2.2373
DEALER 19,B1,9,Eylül,1.4237
DEALER 19,B1,10,Ekim,0.6102
DEALER 19,B1,11,Kasım,0.4068
DEALER 19,B1,12,Aralık,0.6102
DEALER 19,C1,1,Ocak,1.8113
DEALER 19,C1,2,Şubat,1.1321
DEALER 19,C1,3,Mart,0.0
DEALER 19,C1,4,Nisan,0.4528
DEALER 19,C1,5,Mayıs,1.3585
DEALER 19,C1,6,Haziran,0.9057
DEALER 19,C1,7,Temmuz,0.0
DEALER 19,C1,8,Ağustos,0.9057
DEALER 19,C1,9,Eylül,1.3585
DEALER 19,C1,10,Ekim,0.9057
DEALER 19,C1,11,Kasım,2.2642
DEALER 19,C1,12,Aralık,0.9057
DEALER 2,A2,1,Ocak,0.7805
DEALER 2,A2,2,Şubat,1.1707
DEALER 2,A2,3,Mart,0.1951
DEALER 2,A2,4,Nisan,0.9756
DEALER 2,A2,5,Mayıs,1.7561
DEALER 2,A2,6,Haziran,0.5854
DEALER 2,A2,7,Temmuz,0.7805
DEALER 2,A2,8,Ağustos,0.7805
DEALER 2,A2,9,Eylül,0.7805
DEALER 2,A2,10,Ekim,0.7805
DEALER 2,A2,11,Kasım,1.2683
DEALER 2,A2,12,Aralık,2.1463
DEALER 2,A3,1,Ocak,1.4694
DEALER 2,A3,2,Şubat,0.4898
DEALER 2,A3,3,Mart,0.9796
DEALER 2,A3,4,Nisan,0.9796
DEALER 2,A3,5,Mayıs,0.0
DEALER 2,A3,6,Haziran,1.4694
DEALER 2,A3,7,Temmuz,0.7347
DEALER 2,A3,8,Ağustos,1.2245
DEALER 2,A3,9,Eylül,0.7347
DEALER 2,A3,10,Ekim,1.9592
DEALER 2,A3,11,Kasım,1.2245
DEALER 2,A3,12,Aralık,0.7347
DEALER 2,B1,1,Ocak,0.4528
DEALER 2,B1,2,Şubat,0.9057
DEALER 2,B1,3,Mart,2.717
DEALER 2,B1,4,Nisan,1.1321
DEALER 2,B1,5,Mayıs,0.9057
DEALER 2,B1,6,Haziran,1.3585
DEALER 2,B1,7,Temmuz,1.1321
DEALER 2,B1,8,Ağustos,0.4528
DEALER 2,B1,9,Eylül,1.5849
DEALER 2,B1,10,Ekim,0.6792
DEALER 2,B1,11,Kasım,0.0
DEALER 2,B1,12,Aralık,0.6792
DEALER 2,C1,1,Ocak,0.0
DEALER 2,C1,2,Şubat,0.8
DEALER 2,C1,3,Mart,0.8
DEALER 2,C1,4,Nisan,0.8
DEALER 2,C1,5,Mayıs,0.8
DEALER 2,C1,6,Haziran,0.8
DEALER 2,C1,7,Temmuz,1.6
DEALER 2,C1,8,Ağustos,0.0
DEALER 2,C1,9,Eylül,0.8
DEALER 2,C1,10,Ekim,2.4
DEALER 2,C1,11,Kasım,1.6
DEALER 2,C1,12,Aralık,1.6
DEALER 20,A2,1,Ocak,0.8276
DEALER 20,A2,2,Şubat,1.2414
DEALER 20,A2,3,Mart,0.8276
DEALER 20,A2,4,Nisan,0.8276
DEALER 20,A2,5,Mayıs,0.4138
DEALER 20,A2,6,Haziran,0.8276
DEALER 20,A2,7,Temmuz,0.6207
DEALER 20,A2,8,Ağustos,0.8276
DEALER 20,A2,9,Eylül,1.2414
DEALER 20,A2,10,Ekim,2.069
DEALER 20,A2,11,Kasım,0.4138
DEALER 20,A2,12,Aralık,1.8621
DEALER 20,A3,1,Ocak,1.3333
DEALER 20,A3,2,Şubat,1.3333
DEALER 20,A3,3,Mart,0.0
DEALER 20,A3,4,Nisan,1.3333
DEALER 20,A3,5,Mayıs,0.0
DEALER 20,A3,6,Haziran,1.3333
DEALER 20,A3,7,Temmuz,2.6667
DEALER 20,A3,8,Ağustos,2.6667
DEALER 20,A3,9,Eylül,0.0
DEALER 20,A3,10,Ekim,0.0
DEALER 20,A3,11,Kasım,1.3333
DEALER 20,A3,12,Aralık,0.0
DEALER 20,B1,1,Ocak,0.0
DEALER 20,B1,2,Şubat,1.1429
DEALER 20,B1,3,Mart,1.1429
DEALER 20,B1,4,Nisan,0.0
DEALER 20,B1,5,Mayıs,1.1429
DEALER 20,B1,6,Haziran,0.0
DEALER 20,B1,7,Temmuz,1.1429
DEALER 20,B1,8,Ağustos,1.1429
DEALER 20,B1,9,Eylül,1.7143
DEALER 20,B1,10,Ekim,1.1429
DEALER 20,B1,11,Kasım,2.2857
DEALER 20,B1,12,Aralık,1.1429
DEALER 20,C1,1,Ocak,4.8
DEALER 20,C1,2,Şubat,4.8
DEALER 20,C1,3,Mart,0.0
DEALER 20,C1,4,Nisan,0.0
DEALER 20,C1,5,Mayıs,0.0
DEALER 20,C1,6,Haziran,0.0
DEALER 20,C1,7,Temmuz,0.0
DEALER 20,C1,8,Ağustos,0.0
DEALER 20,C1,9,Eylül,0.0
DEALER 20,C1,10,Ekim,1.2
DEALER 20,C1,11,Kasım,0.0
DEALER 20,C1,12,Aralık,1.2
DEALER 21,A2,1,Ocak,0.8471
DEALER 21,A2,2,Şubat,0.2824
DEALER 21,A2,3,Mart,0.5647
DEALER 21,A2,4,Nisan,1.1294
DEALER 21,A2,5,Mayıs,0.5647
DEALER 21,A2,6,Haziran,0.8471
DEALER 21,A2,7,Temmuz,0.8471
DEALER 21,A2,8,Ağustos,1.5529
DEALER 21,A2,9,Eylül,0.8471
DEALER 21,A2,10,Ekim,1.1294
DEALER 21,A2,11,Kasım,1.1294
DEALER 21,A2,12,Aralık,2.2588
DEALER 21,A3,1,Ocak,1.1163
DEALER 21,A3,2,Şubat,1.9535
DEALER 21,A3,3,Mart,2.2326
DEALER 21,A3,4,Nisan,0.5581
DEALER 21,A3,5,Mayıs,0.5581
DEALER 21,A3,6,Haziran,0.8372
DEALER 21,A3,7,Temmuz,1.1163
DEALER 21,A3,8,Ağustos,0.8372
DEALER 21,A3,9,Eylül,0.5581
DEALER 21,A3,10,Ekim,0.8372
DEALER 21,A3,11,Kasım,0.5581
DEALER 21,A3,12,Aralık,0.8372
DEALER 21,B1,1,Ocak,0.5333
DEALER 21,B1,2,Şubat,0.5333
DEALER 21,B1,3,Mart,1.8667
DEALER 21,B1,4,Nisan,1.0667
DEALER 21,B1,5,Mayıs,0.5333
DEALER 21,B1,6,Haziran,1.0667
DEALER 21,B1,7,Temmuz,1.0667
DEALER 21,B1,8,Ağustos,1.8667
DEALER 21,B1,9,Eylül,0.5333
DEALER 21,B1,10,Ekim,1.0667
DEALER 21,B1,11,Kasım,0.8
DEALER 21,B1,12,Aralık,1.0667
DEALER 21,C1,1,Ocak,4.9412
DEALER 21,C1,2,Şubat,0.7059
DEALER 21,C1,3,Mart,0.0
DEALER 21,C1,4,Nisan,0.7059
DEALER 21,C1,5,Mayıs,0.7059
DEALER 21,C1,6,Haziran,0.7059
DEALER 21,C1,7,Temmuz,1.4118
DEALER 21,C1,8,Ağustos,0.0
DEALER 21,C1,9,Eylül,0.7059
DEALER 21,C1,10,Ekim,1.4118
DEALER 21,C1,11,Kasım,0.7059
DEALER 21,C1,12,Aralık,0.0
DEALER 22,A2,1,Ocak,1.28
DEALER 22,A2,2,Şubat,0.0
DEALER 22,A2,3,Mart,0.32
DEALER 22,A2,4,Nisan,1.6
DEALER 22,A2,5,Mayıs,0.96
DEALER 22,A2,6,Haziran,0.64
DEALER 22,A2,7,Temmuz,0.32
DEALER 22,A2,8,Ağustos,0.96
DEALER 22,A2,9,Eylül,1.92
DEALER 22,A2,10,Ekim,1.28
DEALER 22,A2,11,Kasım,0.32
DEALER 22,A2,12,Aralık,2.4
DEALER 22,A3,1,Ocak,0.0
DEALER 22,A3,2,Şubat,0.5217
DEALER 22,A3,3,Mart,2.087
DEALER 22,A3,4,Nisan,0.5217
DEALER 22,A3,5,Mayıs,0.5217
DEALER 22,A3,6,Haziran,1.0435
DEALER 22,A3,7,Temmuz,1.5652
DEALER 22,A3,8,Ağustos,0.5217
DEALER 22,A3,9,Eylül,0.5217
DEALER 22,A3,10,Ekim,0.5217
DEALER 22,A3,11,Kasım,3.1304
DEALER 22,A3,12,Aralık,1.0435
DEALER 22,B1,1,Ocak,1.2203
DEALER 22,B1,2,Şubat,0.4068
DEALER 22,B1,3,Mart,2.0339
DEALER 22,B1,4,Nisan,0.8136
DEALER 22,B1,5,Mayıs,0.4068
DEALER 22,B1,6,Haziran,1.2203
DEALER 22,B1,7,Temmuz,0.8136
DEALER 22,B1,8,Ağustos,2.0339
DEALER 22,B1,9,Eylül,0.4068
DEALER 22,B1,10,Ekim,1.0169
DEALER 22,B1,11,Kasım,0.4068
DEALER 22,B1,12,Aralık,1.2203
DEALER 22,C1,1,Ocak,3.0
DEALER 22,C1,2,Şubat,4.0
DEALER 22,C1,3,Mart,1.0
DEALER 22,C1,4,Nisan,0.0
DEALER 22,C1,5,Mayıs,1.0
DEALER 22,C1,6,Haziran,1.0
DEALER 22,C1,7,Temmuz,0.0
DEALER 22,C1,8,Ağustos,0.0
DEALER 22,C1,9,Eylül,1.0
DEALER 22,C1,10,Ekim,0.0
DEALER 22,C1,11,Kasım,0.0
DEALER 22,C1,12,Aralık,1.0
DEALER 3,A2,1,Ocak,0.576
DEALER 3,A2,2,Şubat,0.192
DEALER 3,A2,3,Mart,0.768
DEALER 3,A2,4,Nisan,0.576
DEALER 3,A2,5,Mayıs,1.344
DEALER 3,A2,6,Haziran,0.864
DEALER 3,A2,7,Temmuz,0.864
DEALER 3,A2,8,Ağustos,0.672
DEALER 3,A2,9,Eylül,1.152
DEALER 3,A2,10,Ekim,1.056
DEALER 3,A2,11,Kasım,1.056
DEALER 3,A2,12,Aralık,2.88
DEALER 3,A3,1,Ocak,1.0435
DEALER 3,A3,2,Şubat,1.2174
DEALER 3,A3,3,Mart,1.2174
DEALER 3,A3,4,Nisan,0.6957
DEALER 3,A3,5,Mayıs,0.6957
DEALER 3,A3,6,Haziran,1.0435
DEALER 3,A3,7,Temmuz,0.8696
DEALER 3,A3,8,Ağustos,0.5217
DEALER 3,A3,9,Eylül,0.3478
DEALER 3,A3,10,Ekim,0.3478
DEALER 3,A3,11,Kasım,1.913
DEALER 3,A3,12,Aralık,2.087
DEALER 3,B1,1,Ocak,0.6076
DEALER 3,B1,2,Şubat,0.9114
DEALER 3,B1,3,Mart,1.9747
DEALER 3,B1,4,Nisan,0.9114
DEALER 3,B1,5,Mayıs,0.6076
DEALER 3,B1,6,Haziran,0.7595
DEALER 3,B1,7,Temmuz,1.3671
DEALER 3,B1,8,Ağustos,2.4304
DEALER 3,B1,9,Eylül,0.9114
DEALER 3,B1,10,Ekim,0.9114
DEALER 3,B1,11,Kasım,0.0
DEALER 3,B1,12,Aralık,0.6076
DEALER 3,C1,1,Ocak,6.8571
DEALER 3,C1,2,Şubat,1.9286
DEALER 3,C1,3,Mart,0.0
DEALER 3,C1,4,Nisan,0.6429
DEALER 3,C1,5,Mayıs,0.8571
DEALER 3,C1,6,Haziran,0.4286
DEALER 3,C1,7,Temmuz,0.0
DEALER 3,C1,8,Ağustos,0.0
DEALER 3,C1,9,Eylül,0.8571
DEALER 3,C1,10,Ekim,0.0
DEALER 3,C1,11,Kasım,0.0
DEALER 3,C1,12,Aralık,0.4286
DEALER 4,A2,1,Ocak,0.0
DEALER 4,A2,2,Şubat,0.72
DEALER 4,A2,3,Mart,0.72
DEALER 4,A2,4,Nisan,0.72
DEALER 4,A2,5,Mayıs,0.96
DEALER 4,A2,6,Haziran,0.84
DEALER 4,A2,7,Temmuz,1.32
DEALER 4,A2,8,Ağustos,1.08
DEALER 4,A2,9,Eylül,1.08
DEALER 4,A2,10,Ekim,1.08
DEALER 4,A2,11,Kasım,0.72
DEALER 4,A2,12,Aralık,2.76
DEALER 4,A3,1,Ocak,0.3871
DEALER 4,A3,2,Şubat,1.1613
DEALER 4,A3,3,Mart,2.3226
DEALER 4,A3,4,Nisan,0.3871
DEALER 4,A3,5,Mayıs,0.7742
DEALER 4,A3,6,Haziran,1.7419
DEALER 4,A3,7,Temmuz,0.7742
DEALER 4,A3,8,Ağustos,0.3871
DEALER 4,A3,9,Eylül,0.3871
DEALER 4,A3,10,Ekim,0.7742
DEALER 4,A3,11,Kasım,1.7419
DEALER 4,A3,12,Aralık,1.1613
DEALER 4,B1,1,Ocak,0.5926
DEALER 4,B1,2,Şubat,0.8889
DEALER 4,B1,3,Mart,1.4815
DEALER 4,B1,4,Nisan,0.8889
DEALER 4,B1,5,Mayıs,0.7407
DEALER 4,B1,6,Haziran,0.4444
DEALER 4,B1,7,Temmuz,1.037
DEALER 4,B1,8,Ağustos,2.6667
DEALER 4,B1,9,Eylül,0.7407
DEALER 4,B1,10,Ekim,1.7778
DEALER 4,B1,11,Kasım,0.4444
DEALER 4,B1,12,Aralık,0.2963
DEALER 4,C1,1,Ocak,3.1304
DEALER 4,C1,2,Şubat,2.087
DEALER 4,C1,3,Mart,0.0
DEALER 4,C1,4,Nisan,1.0435
DEALER 4,C1,5,Mayıs,1.5652
DEALER 4,C1,6,Haziran,1.0435
DEALER 4,C1,7,Temmuz,0.0
DEALER 4,C1,8,Ağustos,1.0435
DEALER 4,C1,9,Eylül,0.5217
DEALER 4,C1,10,Ekim,0.5217
DEALER 4,C1,11,Kasım,0.0
DEALER 4,C1,12,Aralık,1.0435
DEALER 5,A2,1,Ocak,0.2609
DEALER 5,A2,2,Şubat,1.0435
DEALER 5,A2,3,Mart,0.2609
DEALER 5,A2,4,Nisan,1.0435
DEALER 5,A2,5,Mayıs,0.7826
DEALER 5,A2,6,Haziran,0.7826
DEALER 5,A2,7,Temmuz,1.3043
DEALER 5,A2,8,Ağustos,0.7826
DEALER 5,A2,9,Eylül,1.0435
DEALER 5,A2,10,Ekim,1.8261
DEALER 5,A2,11,Kasım,0.6522
DEALER 5,A2,12,Aralık,2.2174
DEALER 5,A3,1,Ocak,1.8462
DEALER 5,A3,2,Şubat,1.2308
DEALER 5,A3,3,Mart,1.5385
DEALER 5,A3,4,Nisan,0.6154
DEALER 5,A3,5,Mayıs,0.6154
DEALER 5,A3,6,Haziran,1.2308
DEALER 5,A3,7,Temmuz,0.9231
DEALER 5,A3,8,Ağustos,0.6154
DEALER 5,A3,9,Eylül,1.8462
DEALER 5,A3,10,Ekim,0.0
DEALER 5,A3,11,Kasım,0.6154
DEALER 5,A3,12,Aralık,0.9231
DEALER 5,B1,1,Ocak,0.3692
DEALER 5,B1,2,Şubat,0.5538
DEALER 5,B1,3,Mart,0.3692
DEALER 5,B1,4,Nisan,1.4769
DEALER 5,B1,5,Mayıs,0.9231
DEALER 5,B1,6,Haziran,1.4769
DEALER 5,B1,7,Temmuz,2.2154
DEALER 5,B1,8,Ağustos,2.0308
DEALER 5,B1,9,Eylül,1.1077
DEALER 5,B1,10,Ekim,0.0
DEALER 5,B1,11,Kasım,0.5538
DEALER 5,B1,12,Aralık,0.9231
DEALER 5,C1,1,Ocak,2.9474
DEALER 5,C1,2,Şubat,1.0526
DEALER 5,C1,3,Mart,0.0
DEALER 5,C1,4,Nisan,0.4211
DEALER 5,C1,5,Mayıs,2.5263
DEALER 5,C1,6,Haziran,0.0
DEALER 5,C1,7,Temmuz,1.2632
DEALER 5,C1,8,Ağustos,1.6842
DEALER 5,C1,9,Eylül,0.4211
DEALER 5,C1,10,Ekim,0.8421
DEALER 5,C1,11,Kasım,0.8421
DEALER 5,C1,12,Aralık,0.0
DEALER 6,A2,1,Ocak,1.0566
DEALER 6,A2,2,Şubat,0.4528
DEALER 6,A2,3,Mart,0.6038
DEALER 6,A2,4,Nisan,0.7547
DEALER 6,A2,5,Mayıs,1.0566
DEALER 6,A2,6,Haziran,0.6038
DEALER 6,A2,7,Temmuz,1.0566
DEALER 6,A2,8,Ağustos,0.3774
DEALER 6,A2,9,Eylül,1.283
DEALER 6,A2,10,Ekim,1.2075
DEALER 6,A2,11,Kasım,1.0566
DEALER 6,A2,12,Aralık,2.4906
DEALER 6,A3,1,Ocak,1.0769
DEALER 6,A3,2,Şubat,0.9231
DEALER 6,A3,3,Mart,1.5385
DEALER 6,A3,4,Nisan,1.3846
DEALER 6,A3,5,Mayıs,0.7692
DEALER 6,A3,6,Haziran,0.7692
DEALER 6,A3,7,Temmuz,1.2308
DEALER 6,A3,8,Ağustos,1.2308
DEALER 6,A3,9,Eylül,0.7692
DEALER 6,A3,10,Ekim,0.3077
DEALER 6,A3,11,Kasım,0.6154
DEALER 6,A3,12,Aralık,1.3846
DEALER 6,B1,1,Ocak,0.6
DEALER 6,B1,2,Şubat,1.4
DEALER 6,B1,3,Mart,2.0
DEALER 6,B1,4,Nisan,0.8
DEALER 6,B1,5,Mayıs,0.8
DEALER 6,B1,6,Haziran,0.9
DEALER 6,B1,7,Temmuz,0.9
DEALER 6,B1,8,Ağustos,2.0
DEALER 6,B1,9,Eylül,0.9
DEALER 6,B1,10,Ekim,0.3
DEALER 6,B1,11,Kasım,0.6
DEALER 6,B1,12,Aralık,0.8
DEALER 6,C1,1,Ocak,4.32
DEALER 6,C1,2,Şubat,1.92
DEALER 6,C1,3,Mart,0.24
DEALER 6,C1,4,Nisan,0.24
DEALER 6,C1,5,Mayıs,0.72
DEALER 6,C1,6,Haziran,0.96
DEALER 6,C1,7,Temmuz,0.72
DEALER 6,C1,8,Ağustos,0.96
DEALER 6,C1,9,Eylül,0.0
DEALER 6,C1,10,Ekim,0.72
DEALER 6,C1,11,Kasım,0.24
DEALER 6,C1,12,Aralık,0.96
DEALER 7,A2,1,Ocak,0.5793
DEALER 7,A2,2,Şubat,0.1655
DEALER 7,A2,3,Mart,1.1586
DEALER 7,A2,4,Nisan,1.0759
DEALER 7,A2,5,Mayıs,1.3241
DEALER 7,A2,6,Haziran,0.4966
DEALER 7,A2,7,Temmuz,0.6621
DEALER 7,A2,8,Ağustos,0.7862
DEALER 7,A2,9,Eylül,0.7448
DEALER 7,A2,10,Ekim,0.869
DEALER 7,A2,11,Kasım,0.7448
DEALER 7,A2,12,Aralık,3.3931
DEALER 7,A3,1,Ocak,2.0211
DEALER 7,A3,2,Şubat,0.8842
DEALER 7,A3,3,Mart,1.5158
DEALER 7,A3,4,Nisan,0.7579
DEALER 7,A3,5,Mayıs,0.6316
DEALER 7,A3,6,Haziran,1.7684
DEALER 7,A3,7,Temmuz,0.3789
DEALER 7,A3,8,Ağustos,0.6316
DEALER 7,A3,9,Eylül,0.5053
DEALER 7,A3,10,Ekim,0.5053
DEALER 7,A3,11,Kasım,1.8947
DEALER 7,A3,12,Aralık,0.5053
DEALER 7,B1,1,Ocak,0.4706
DEALER 7,B1,2,Şubat,1.098
DEALER 7,B1,3,Mart,1.7255
DEALER 7,B1,4,Nisan,0.4706
DEALER 7,B1,5,Mayıs,1.8039
DEALER 7,B1,6,Haziran,0.7843
DEALER 7,B1,7,Temmuz,1.098
DEALER 7,B1,8,Ağustos,1.9608
DEALER 7,B1,9,Eylül,0.6275
DEALER 7,B1,10,Ekim,0.7059
DEALER 7,B1,11,Kasım,0.7843
DEALER 7,B1,12,Aralık,0.4706
DEALER 7,C1,1,Ocak,2.4
DEALER 7,C1,2,Şubat,3.2
DEALER 7,C1,3,Mart,0.64
DEALER 7,C1,4,Nisan,0.32
DEALER 7,C1,5,Mayıs,0.64
DEALER 7,C1,6,Haziran,0.32
DEALER 7,C1,7,Temmuz,0.32
DEALER 7,C1,8,Ağustos,0.0
DEALER 7,C1,9,Eylül,1.92
DEALER 7,C1,10,Ekim,0.64
DEALER 7,C1,11,Kasım,0.32
DEALER 7,C1,12,Aralık,1.28
DEALER 8,A2,1,Ocak,1.0345
DEALER 8,A2,2,Şubat,0.8276
DEALER 8,A2,3,Mart,1.0345
DEALER 8,A2,4,Nisan,0.8276
DEALER 8,A2,5,Mayıs,1.2414
DEALER 8,A2,6,Haziran,0.6207
DEALER 8,A2,7,Temmuz,0.6207
DEALER 8,A2,8,Ağustos,1.0345
DEALER 8,A2,9,Eylül,0.5172
DEALER 8,A2,10,Ekim,0.6207
DEALER 8,A2,11,Kasım,2.069
DEALER 8,A2,12,Aralık,1.5517
DEALER 8,A3,1,Ocak,0.6316
DEALER 8,A3,2,Şubat,1.2632
DEALER 8,A3,3,Mart,0.9474
DEALER 8,A3,4,Nisan,0.6316
DEALER 8,A3,5,Mayıs,0.6316
DEALER 8,A3,6,Haziran,3.1579
DEALER 8,A3,7,Temmuz,0.6316
DEALER 8,A3,8,Ağustos,0.6316
DEALER 8,A3,9,Eylül,0.6316
DEALER 8,A3,10,Ekim,0.0
DEALER 8,A3,11,Kasım,1.8947
DEALER 8,A3,12,Aralık,0.9474
DEALER 8,B1,1,Ocak,0.507
DEALER 8,B1,2,Şubat,1.0141
DEALER 8,B1,3,Mart,1.6901
DEALER 8,B1,4,Nisan,1.0141
DEALER 8,B1,5,Mayıs,1.0141
DEALER 8,B1,6,Haziran,0.507
DEALER 8,B1,7,Temmuz,1.0141
DEALER 8,B1,8,Ağustos,2.1972
DEALER 8,B1,9,Eylül,1.0141
DEALER 8,B1,10,Ekim,0.6761
DEALER 8,B1,11,Kasım,0.6761
DEALER 8,B1,12,Aralık,0.6761
DEALER 8,C1,1,Ocak,3.5
DEALER 8,C1,2,Şubat,2.0
DEALER 8,C1,3,Mart,0.0
DEALER 8,C1,4,Nisan,1.0
DEALER 8,C1,5,Mayıs,1.0
DEALER 8,C1,6,Haziran,0.0
DEALER 8,C1,7,Temmuz,0.5
DEALER 8,C1,8,Ağustos,0.5
DEALER 8,C1,9,Eylül,0.0
DEALER 8,C1,10,Ekim,0.5
DEALER 8,C1,11,Kasım,2.5
DEALER 8,C1,12,Aralık,0.5
DEALER 9,A2,1,Ocak,0.0
DEALER 9,A2,2,Şubat,0.0
DEALER 9,A2,3,Mart,2.0
DEALER 9,A2,4,Nisan,0.6667
DEALER 9,A2,5,Mayıs,0.6667
DEALER 9,A2,6,Haziran,1.3333
DEALER 9,A2,7,Temmuz,1.0
DEALER 9,A2,8,Ağustos,1.6667
DEALER 9,A2,9,Eylül,0.6667
DEALER 9,A2,10,Ekim,2.0
DEALER 9,A2,11,Kasım,0.6667
DEALER 9,A2,12,Aralık,1.3333
DEALER 9,A3,1,Ocak,0.8571
DEALER 9,A3,2,Şubat,1.7143
DEALER 9,A3,3,Mart,0.8571
DEALER 9,A3,4,Nisan,0.0
DEALER 9,A3,5,Mayıs,1.7143
DEALER 9,A3,6,Haziran,0.8571
DEALER 9,A3,7,Temmuz,0.8571
DEALER 9,A3,8,Ağustos,1.7143
DEALER 9,A3,9,Eylül,0.8571
DEALER 9,A3,10,Ekim,0.8571
DEALER 9,A3,11,Kasım,1.7143
DEALER 9,A3,12,Aralık,0.0
DEALER 9,B1,1,Ocak,0.0
DEALER 9,B1,2,Şubat,0.0
DEALER 9,B1,3,Mart,3.1304
DEALER 9,B1,4,Nisan,1.0435
DEALER 9,B1,5,Mayıs,1.5652
DEALER 9,B1,6,Haziran,0.0
DEALER 9,B1,7,Temmuz,1.0435
DEALER 9,B1,8,Ağustos,1.0435
DEALER 9,B1,9,Eylül,1.0435
DEALER 9,B1,10,Ekim,1.0435
DEALER 9,B1,11,Kasım,1.0435
DEALER 9,B1,12,Aralık,1.0435
DEALER 9,C1,1,Ocak,4.0
DEALER 9,C1,2,Şubat,2.0
DEALER 9,C1,3,Mart,0.0
DEALER 9,C1,4,Nisan,1.0
DEALER 9,C1,5,Mayıs,0.0
DEALER 9,C1,6,Haziran,1.0
DEALER 9,C1,7,Temmuz,0.0
DEALER 9,C1,8,Ağustos,0.0
DEALER 9,C1,9,Eylül,0.0
DEALER 9,C1,10,Ekim,3.0
DEALER 9,C1,11,Kasım,0.0
DEALER 9,C1,12,Aralık,1.0
