dealer,color,month,month_name,si
DEALER 1,Grey3,1,Ocak,0.4737
DEALER 1,Grey3,2,Şubat,0.4737
DEALER 1,Grey3,3,Mart,1.2632
DEALER 1,Grey3,4,Nisan,0.9474
DEALER 1,Grey3,5,Mayıs,0.7895
DEALER 1,Grey3,6,Haziran,1.1053
DEALER 1,Grey3,7,Temmuz,0.3158
DEALER 1,Grey3,8,Ağustos,0.9474
DEALER 1,Grey3,9,Eylül,1.1053
DEALER 1,Grey3,10,Ekim,0.9474
DEALER 1,Grey3,11,Kasım,1.4211
DEALER 1,Grey3,12,Aralık,2.2105
DEALER 1,Black2,1,Ocak,0.5926
DEALER 1,Black2,2,Şubat,0.7407
DEALER 1,Black2,3,Mart,0.5926
DEALER 1,Black2,4,Nisan,0.5926
DEALER 1,Black2,5,Mayıs,0.5926
DEALER 1,Black2,6,Haziran,0.8889
DEALER 1,Black2,7,Temmuz,1.037
DEALER 1,Black2,8,Ağustos,1.4815
DEALER 1,Black2,9,Eylül,1.4815
DEALER 1,Black2,10,Ekim,1.3333
DEALER 1,Black2,11,Kasım,0.8889
DEALER 1,Black2,12,Aralık,1.7778
DEALER 1,Grey2,1,Ocak,2.4
DEALER 1,Grey2,2,Şubat,1.35
DEALER 1,Grey2,3,Mart,1.35
DEALER 1,Grey2,4,Nisan,0.6
DEALER 1,Grey2,5,Mayıs,0.75
DEALER 1,Grey2,6,Haziran,0.45
DEALER 1,Grey2,7,Temmuz,1.5
DEALER 1,Grey2,8,Ağustos,1.35
DEALER 1,Grey2,9,Eylül,0.75
DEALER 1,Grey2,10,Ekim,0.45
DEALER 1,Grey2,11,Kasım,0.45
DEALER 1,Grey2,12,Aralık,0.6
DEALER 1,Beige,1,Ocak,0.9474
DEALER 1,Beige,2,Şubat,0.6316
DEALER 1,Beige,3,Mart,0.3158
DEALER 1,Beige,4,Nisan,0.6316
DEALER 1,Beige,5,Mayıs,0.6316
DEALER 1,Beige,6,Haziran,0.6316
DEALER 1,Beige,7,Temmuz,0.9474
DEALER 1,Beige,8,Ağustos,0.9474
DEALER 1,Beige,9,Eylül,1.5789
DEALER 1,Beige,10,Ekim,0.7895
DEALER 1,Beige,11,Kasım,1.5789
DEALER 1,Beige,12,Aralık,2.3684
DEALER 1,Black1,1,Ocak,1.4483
DEALER 1,Black1,2,Şubat,0.8276
DEALER 1,Black1,3,Mart,1.4483
DEALER 1,Black1,4,Nisan,0.6207
DEALER 1,Black1,5,Mayıs,1.2414
DEALER 1,Black1,6,Haziran,0.8276
DEALER 1,Black1,7,Temmuz,1.6552
DEALER 1,Black1,8,Ağustos,1.4483
DEALER 1,Black1,9,Eylül,0.6207
DEALER 1,Black1,10,Ekim,0.6207
DEALER 1,Black1,11,Kasım,0.8276
DEALER 1,Black1,12,Aralık,0.4138
DEALER 10,Beige,1,Ocak,0.75
DEALER 10,Beige,2,Şubat,0.0
DEALER 10,Beige,3,Mart,2.25
DEALER 10,Beige,4,Nisan,1.125
DEALER 10,Beige,5,Mayıs,0.0
DEALER 10,Beige,6,Haziran,0.75
DEALER 10,Beige,7,Temmuz,1.5
DEALER 10,Beige,8,Ağustos,0.75
DEALER 10,Beige,9,Eylül,0.75
DEALER 10,Beige,10,Ekim,0.0
DEALER 10,Beige,11,Kasım,1.5
DEALER 10,Beige,12,Aralık,2.625
DEALER 10,Grey3,1,Ocak,2.087
DEALER 10,Grey3,2,Şubat,1.5652
DEALER 10,Grey3,3,Mart,2.087
DEALER 10,Grey3,4,Nisan,0.0
DEALER 10,Grey3,5,Mayıs,1.0435
DEALER 10,Grey3,6,Haziran,1.0435
DEALER 10,Grey3,7,Temmuz,0.0
DEALER 10,Grey3,8,Ağustos,0.0
DEALER 10,Grey3,9,Eylül,0.0
DEALER 10,Grey3,10,Ekim,0.0
DEALER 10,Grey3,11,Kasım,1.5652
DEALER 10,Grey3,12,Aralık,2.6087
DEALER 10,Black1,1,Ocak,2.3226
DEALER 10,Black1,2,Şubat,0.7742
DEALER 10,Black1,3,Mart,1.1613
DEALER 10,Black1,4,Nisan,0.7742
DEALER 10,Black1,5,Mayıs,1.5484
DEALER 10,Black1,6,Haziran,2.3226
DEALER 10,Black1,7,Temmuz,0.0
DEALER 10,Black1,8,Ağustos,0.7742
DEALER 10,Black1,9,Eylül,0.7742
DEALER 10,Black1,10,Ekim,0.7742
DEALER 10,Black1,11,Kasım,0.7742
DEALER 10,Black1,12,Aralık,0.0
DEALER 10,White2,1,Ocak,0.75
DEALER 10,White2,2,Şubat,0.0
DEALER 10,White2,3,Mart,0.75
DEALER 10,White2,4,Nisan,0.75
DEALER 10,White2,5,Mayıs,1.5
DEALER 10,White2,6,Haziran,0.75
DEALER 10,White2,7,Temmuz,1.5
DEALER 10,White2,8,Ağustos,2.25
DEALER 10,White2,9,Eylül,0.75
DEALER 10,White2,10,Ekim,0.75
DEALER 10,White2,11,Kasım,0.75
DEALER 10,White2,12,Aralık,1.5
DEALER 10,Blue,1,Ocak,1.5652
DEALER 10,Blue,2,Şubat,1.0435
DEALER 10,Blue,3,Mart,1.0435
DEALER 10,Blue,4,Nisan,1.0435
DEALER 10,Blue,5,Mayıs,1.0435
DEALER 10,Blue,6,Haziran,1.0435
DEALER 10,Blue,7,Temmuz,0.0
DEALER 10,Blue,8,Ağustos,0.0
DEALER 10,Blue,9,Eylül,1.0435
DEALER 10,Blue,10,Ekim,1.5652
DEALER 10,Blue,11,Kasım,0.0
DEALER 10,Blue,12,Aralık,2.6087
DEALER 11,Grey3,1,Ocak,3.3333
DEALER 11,Grey3,2,Şubat,2.0
DEALER 11,Grey3,3,Mart,1.3333
DEALER 11,Grey3,4,Nisan,1.3333
DEALER 11,Grey3,5,Mayıs,1.3333
DEALER 11,Grey3,6,Haziran,1.3333
DEALER 11,Grey3,7,Temmuz,0.0
DEALER 11,Grey3,8,Ağustos,0.0
DEALER 11,Grey3,9,Eylül,0.0
DEALER 11,Grey3,10,Ekim,0.0
DEALER 11,Grey3,11,Kasım,0.0
DEALER 11,Grey3,12,Aralık,1.3333
DEALER 11,White2,1,Ocak,0.0
DEALER 11,White2,2,Şubat,0.0
DEALER 11,White2,3,Mart,0.0
DEALER 11,White2,4,Nisan,1.7143
DEALER 11,White2,5,Mayıs,0.0
DEALER 11,White2,6,Haziran,1.7143
DEALER 11,White2,7,Temmuz,1.7143
DEALER 11,White2,8,Ağustos,2.5714
DEALER 11,White2,9,Eylül,0.0
DEALER 11,White2,10,Ekim,1.7143
DEALER 11,White2,11,Kasım,0.0
DEALER 11,White2,12,Aralık,2.5714
DEALER 11,Grey1,1,Ocak,0.0
DEALER 11,Grey1,2,Şubat,0.0
DEALER 11,Grey1,3,Mart,0.0
DEALER 11,Grey1,4,Nisan,0.0
DEALER 11,Grey1,5,Mayıs,0.0
DEALER 11,Grey1,6,Haziran,2.4
DEALER 11,Grey1,7,Temmuz,2.4
DEALER 11,Grey1,8,Ağustos,0.0
DEALER 11,Grey1,9,Eylül,1.2
DEALER 11,Grey1,10,Ekim,0.0
DEALER 11,Grey1,11,Kasım,0.0
DEALER 11,Grey1,12,Aralık,6.0
DEALER 11,Beige,1,Ocak,0.0
DEALER 11,Beige,2,Şubat,1.3333
DEALER 11,Beige,3,Mart,0.0
DEALER 11,Beige,4,Nisan,1.3333
DEALER 11,Beige,5,Mayıs,0.0
DEALER 11,Beige,6,Haziran,1.3333
DEALER 11,Beige,7,Temmuz,1.3333
DEALER 11,Beige,8,Ağustos,1.3333
DEALER 11,Beige,9,Eylül,0.0
DEALER 11,Beige,10,Ekim,0.0
DEALER 11,Beige,11,Kasım,0.0
DEALER 11,Beige,12,Aralık,5.3333
DEALER 11,Black1,1,Ocak,1.3333
DEALER 11,Black1,2,Şubat,2.6667
DEALER 11,Black1,3,Mart,1.3333
DEALER 11,Black1,4,Nisan,1.3333
DEALER 11,Black1,5,Mayıs,4.0
DEALER 11,Black1,6,Haziran,0.0
DEALER 11,Black1,7,Temmuz,0.0
DEALER 11,Black1,8,Ağustos,0.0
DEALER 11,Black1,9,Eylül,1.3333
DEALER 11,Black1,10,Ekim,0.0
DEALER 11,Black1,11,Kasım,0.0
DEALER 11,Black1,12,Aralık,0.0
DEALER 12,Grey3,1,Ocak,0.6486
DEALER 12,Grey3,2,Şubat,0.973
DEALER 12,Grey3,3,Mart,0.973
DEALER 12,Grey3,4,Nisan,0.6486
DEALER 12,Grey3,5,Mayıs,0.6486
DEALER 12,Grey3,6,Haziran,0.6486
DEALER 12,Grey3,7,Temmuz,1.6216
DEALER 12,Grey3,8,Ağustos,1.2973
DEALER 12,Grey3,9,Eylül,0.0
DEALER 12,Grey3,10,Ekim,0.6486
DEALER 12,Grey3,11,Kasım,0.6486
DEALER 12,Grey3,12,Aralık,3.2432
DEALER 12,Beige,1,Ocak,0.0
DEALER 12,Beige,2,Şubat,0.7273
DEALER 12,Beige,3,Mart,0.7273
DEALER 12,Beige,4,Nisan,0.7273
DEALER 12,Beige,5,Mayıs,2.1818
DEALER 12,Beige,6,Haziran,1.4545
DEALER 12,Beige,7,Temmuz,0.7273
DEALER 12,Beige,8,Ağustos,0.7273
DEALER 12,Beige,9,Eylül,0.7273
DEALER 12,Beige,10,Ekim,1.0909
DEALER 12,Beige,11,Kasım,1.0909
DEALER 12,Beige,12,Aralık,1.8182
DEALER 12,Black2,1,Ocak,0.8276
DEALER 12,Black2,2,Şubat,0.8276
DEALER 12,Black2,3,Mart,0.0
DEALER 12,Black2,4,Nisan,0.8276
DEALER 12,Black2,5,Mayıs,0.8276
DEALER 12,Black2,6,Haziran,0.8276
DEALER 12,Black2,7,Temmuz,2.069
DEALER 12,Black2,8,Ağustos,0.8276
DEALER 12,Black2,9,Eylül,1.6552
DEALER 12,Black2,10,Ekim,0.8276
DEALER 12,Black2,11,Kasım,0.0
DEALER 12,Black2,12,Aralık,2.4828
DEALER 12,Black1,1,Ocak,2.4
DEALER 12,Black1,2,Şubat,0.0
DEALER 12,Black1,3,Mart,1.92
DEALER 12,Black1,4,Nisan,0.96
DEALER 12,Black1,5,Mayıs,0.0
DEALER 12,Black1,6,Haziran,1.92
DEALER 12,Black1,7,Temmuz,0.96
DEALER 12,Black1,8,Ağustos,0.96
DEALER 12,Black1,9,Eylül,0.96
DEALER 12,Black1,10,Ekim,0.96
DEALER 12,Black1,11,Kasım,0.96
DEALER 12,Black1,12,Aralık,0.0
DEALER 12,White2,1,Ocak,1.4118
DEALER 12,White2,2,Şubat,0.7059
DEALER 12,White2,3,Mart,1.4118
DEALER 12,White2,4,Nisan,1.4118
DEALER 12,White2,5,Mayıs,0.7059
DEALER 12,White2,6,Haziran,0.7059
DEALER 12,White2,7,Temmuz,0.7059
DEALER 12,White2,8,Ağustos,1.4118
DEALER 12,White2,9,Eylül,1.4118
DEALER 12,White2,10,Ekim,0.0
DEALER 12,White2,11,Kasım,0.7059
DEALER 12,White2,12,Aralık,1.4118
DEALER 13,Grey2,1,Ocak,2.4
DEALER 13,Grey2,2,Şubat,1.0
DEALER 13,Grey2,3,Mart,1.0
DEALER 13,Grey2,4,Nisan,1.0
DEALER 13,Grey2,5,Mayıs,0.8
DEALER 13,Grey2,6,Haziran,1.0
DEALER 13,Grey2,7,Temmuz,1.2
DEALER 13,Grey2,8,Ağustos,0.8
DEALER 13,Grey2,9,Eylül,0.4
DEALER 13,Grey2,10,Ekim,0.4
DEALER 13,Grey2,11,Kasım,1.4
DEALER 13,Grey2,12,Aralık,0.6
DEALER 13,Black2,1,Ocak,0.9057
DEALER 13,Black2,2,Şubat,0.9057
DEALER 13,Black2,3,Mart,0.0
DEALER 13,Black2,4,Nisan,0.4528
DEALER 13,Black2,5,Mayıs,0.4528
DEALER 13,Black2,6,Haziran,0.9057
DEALER 13,Black2,7,Temmuz,0.4528
DEALER 13,Black2,8,Ağustos,0.6792
DEALER 13,Black2,9,Eylül,2.4906
DEALER 13,Black2,10,Ekim,1.1321
DEALER 13,Black2,11,Kasım,1.3585
DEALER 13,Black2,12,Aralık,2.2642
DEALER 13,Beige,1,Ocak,0.3871
DEALER 13,Beige,2,Şubat,0.7742
DEALER 13,Beige,3,Mart,0.0
DEALER 13,Beige,4,Nisan,1.1613
DEALER 13,Beige,5,Mayıs,1.1613
DEALER 13,Beige,6,Haziran,1.5484
DEALER 13,Beige,7,Temmuz,0.9677
DEALER 13,Beige,8,Ağustos,1.1613
DEALER 13,Beige,9,Eylül,1.1613
DEALER 13,Beige,10,Ekim,1.3548
DEALER 13,Beige,11,Kasım,0.7742
DEALER 13,Beige,12,Aralık,1.5484
DEALER 13,Black1,1,Ocak,2.1429
DEALER 13,Black1,2,Şubat,2.3571
DEALER 13,Black1,3,Mart,1.7143
DEALER 13,Black1,4,Nisan,0.8571
DEALER 13,Black1,5,Mayıs,0.4286
DEALER 13,Black1,6,Haziran,0.4286
DEALER 13,Black1,7,Temmuz,1.0714
DEALER 13,Black1,8,Ağustos,0.4286
DEALER 13,Black1,9,Eylül,0.8571
DEALER 13,Black1,10,Ekim,0.4286
DEALER 13,Black1,11,Kasım,0.4286
DEALER 13,Black1,12,Aralık,0.8571
DEALER 13,Grey3,1,Ocak,0.8889
DEALER 13,Grey3,2,Şubat,1.1111
DEALER 13,Grey3,3,Mart,0.6667
DEALER 13,Grey3,4,Nisan,0.4444
DEALER 13,Grey3,5,Mayıs,1.3333
DEALER 13,Grey3,6,Haziran,0.8889
DEALER 13,Grey3,7,Temmuz,1.5556
DEALER 13,Grey3,8,Ağustos,0.4444
DEALER 13,Grey3,9,Eylül,1.3333
DEALER 13,Grey3,10,Ekim,0.8889
DEALER 13,Grey3,11,Kasım,0.8889
DEALER 13,Grey3,12,Aralık,1.5556
DEALER 14,Grey3,1,Ocak,1.3333
DEALER 14,Grey3,2,Şubat,0.381
DEALER 14,Grey3,3,Mart,0.5714
DEALER 14,Grey3,4,Nisan,0.381
DEALER 14,Grey3,5,Mayıs,1.5238
DEALER 14,Grey3,6,Haziran,0.5714
DEALER 14,Grey3,7,Temmuz,0.7619
DEALER 14,Grey3,8,Ağustos,0.5714
DEALER 14,Grey3,9,Eylül,3.0476
DEALER 14,Grey3,10,Ekim,0.9524
DEALER 14,Grey3,11,Kasım,0.7619
DEALER 14,Grey3,12,Aralık,1.1429
DEALER 14,Black2,1,Ocak,0.9057
DEALER 14,Black2,2,Şubat,0.0
DEALER 14,Black2,3,Mart,0.0
DEALER 14,Black2,4,Nisan,0.0
DEALER 14,Black2,5,Mayıs,1.3585
DEALER 14,Black2,6,Haziran,0.9057
DEALER 14,Black2,7,Temmuz,0.6792
DEALER 14,Black2,8,Ağustos,0.9057
DEALER 14,Black2,9,Eylül,1.5849
DEALER 14,Black2,10,Ekim,0.9057
DEALER 14,Black2,11,Kasım,1.1321
DEALER 14,Black2,12,Aralık,3.6226
DEALER 14,White2,1,Ocak,0.0
DEALER 14,White2,2,Şubat,1.1613
DEALER 14,White2,3,Mart,1.9355
DEALER 14,White2,4,Nisan,0.3871
DEALER 14,White2,5,Mayıs,0.3871
DEALER 14,White2,6,Haziran,0.3871
DEALER 14,White2,7,Temmuz,0.7742
DEALER 14,White2,8,Ağustos,2.3226
DEALER 14,White2,9,Eylül,0.5806
DEALER 14,White2,10,Ekim,1.1613
DEALER 14,White2,11,Kasım,0.9677
DEALER 14,White2,12,Aralık,1.9355
DEALER 14,Grey2,1,Ocak,2.4706
DEALER 14,Grey2,2,Şubat,0.7059
DEALER 14,Grey2,3,Mart,0.8824
DEALER 14,Grey2,4,Nisan,0.3529
DEALER 14,Grey2,5,Mayıs,0.0
DEALER 14,Grey2,6,Haziran,4.5882
DEALER 14,Grey2,7,Temmuz,0.3529
DEALER 14,Grey2,8,Ağustos,1.0588
DEALER 14,Grey2,9,Eylül,0.7059
DEALER 14,Grey2,10,Ekim,0.3529
DEALER 14,Grey2,11,Kasım,0.0
DEALER 14,Grey2,12,Aralık,0.5294
DEALER 14,Black1,1,Ocak,1.44
DEALER 14,Black1,2,Şubat,0.96
DEALER 14,Black1,3,Mart,1.68
DEALER 14,Black1,4,Nisan,0.0
DEALER 14,Black1,5,Mayıs,1.44
DEALER 14,Black1,6,Haziran,1.68
DEALER 14,Black1,7,Temmuz,1.2
DEALER 14,Black1,8,Ağustos,0.72
DEALER 14,Black1,9,Eylül,0.96
DEALER 14,Black1,10,Ekim,0.48
DEALER 14,Black1,11,Kasım,0.0
DEALER 14,Black1,12,Aralık,1.44
DEALER 15,Grey3,1,Ocak,0.75
DEALER 15,Grey3,2,Şubat,0.9
DEALER 15,Grey3,3,Mart,1.8
DEALER 15,Grey3,4,Nisan,0.45
DEALER 15,Grey3,5,Mayıs,0.9
DEALER 15,Grey3,6,Haziran,0.45
DEALER 15,Grey3,7,Temmuz,0.9
DEALER 15,Grey3,8,Ağustos,0.6
DEALER 15,Grey3,9,Eylül,1.2
DEALER 15,Grey3,10,Ekim,1.5
DEALER 15,Grey3,11,Kasım,1.35
DEALER 15,Grey3,12,Aralık,1.2
DEALER 15,White2,1,Ocak,0.6957
DEALER 15,White2,2,Şubat,1.0435
DEALER 15,White2,3,Mart,1.0435
DEALER 15,White2,4,Nisan,0.3478
DEALER 15,White2,5,Mayıs,0.8696
DEALER 15,White2,6,Haziran,1.0435
DEALER 15,White2,7,Temmuz,0.3478
DEALER 15,White2,8,Ağustos,1.5652
DEALER 15,White2,9,Eylül,0.5217
DEALER 15,White2,10,Ekim,1.2174
DEALER 15,White2,11,Kasım,1.3913
DEALER 15,White2,12,Aralık,1.913
DEALER 15,Beige,1,Ocak,0.4528
DEALER 15,Beige,2,Şubat,0.0
DEALER 15,Beige,3,Mart,0.9057
DEALER 15,Beige,4,Nisan,1.3585
DEALER 15,Beige,5,Mayıs,0.9057
DEALER 15,Beige,6,Haziran,1.1321
DEALER 15,Beige,7,Temmuz,1.3585
DEALER 15,Beige,8,Ağustos,0.9057
DEALER 15,Beige,9,Eylül,0.9057
DEALER 15,Beige,10,Ekim,1.1321
DEALER 15,Beige,11,Kasım,1.5849
DEALER 15,Beige,12,Aralık,1.3585
DEALER 15,White1,1,Ocak,2.4828
DEALER 15,White1,2,Şubat,1.4483
DEALER 15,White1,3,Mart,1.4483
DEALER 15,White1,4,Nisan,0.8276
DEALER 15,White1,5,Mayıs,0.8276
DEALER 15,White1,6,Haziran,0.0
DEALER 15,White1,7,Temmuz,0.6207
DEALER 15,White1,8,Ağustos,2.069
DEALER 15,White1,9,Eylül,0.4138
DEALER 15,White1,10,Ekim,0.6207
DEALER 15,White1,11,Kasım,0.4138
DEALER 15,White1,12,Aralık,0.8276
DEALER 15,Grey2,1,Ocak,1.4
DEALER 15,Grey2,2,Şubat,1.8
DEALER 15,Grey2,3,Mart,0.6
DEALER 15,Grey2,4,Nisan,0.4
DEALER 15,Grey2,5,Mayıs,2.4
DEALER 15,Grey2,6,Haziran,0.6
DEALER 15,Grey2,7,Temmuz,1.6
DEALER 15,Grey2,8,Ağustos,1.2
DEALER 15,Grey2,9,Eylül,0.4
DEALER 15,Grey2,10,Ekim,0.4
DEALER 15,Grey2,11,Kasım,0.4
DEALER 15,Grey2,12,Aralık,0.8
DEALER 16,Black1,1,Ocak,2.5263
DEALER 16,Black1,2,Şubat,1.1053
DEALER 16,Black1,3,Mart,1.4211
DEALER 16,Black1,4,Nisan,0.7895
DEALER 16,Black1,5,Mayıs,1.1053
DEALER 16,Black1,6,Haziran,0.7895
DEALER 16,Black1,7,Temmuz,0.9474
DEALER 16,Black1,8,Ağustos,0.6316
DEALER 16,Black1,9,Eylül,0.6316
DEALER 16,Black1,10,Ekim,0.9474
DEALER 16,Black1,11,Kasım,0.6316
DEALER 16,Black1,12,Aralık,0.4737
DEALER 16,Grey2,1,Ocak,3.1579
DEALER 16,Grey2,2,Şubat,1.4211
DEALER 16,Grey2,3,Mart,1.4211
DEALER 16,Grey2,4,Nisan,0.3158
DEALER 16,Grey2,5,Mayıs,0.6316
DEALER 16,Grey2,6,Haziran,0.7895
DEALER 16,Grey2,7,Temmuz,0.9474
DEALER 16,Grey2,8,Ağustos,0.9474
DEALER 16,Grey2,9,Eylül,0.3158
DEALER 16,Grey2,10,Ekim,0.7895
DEALER 16,Grey2,11,Kasım,0.9474
DEALER 16,Grey2,12,Aralık,0.3158
DEALER 16,Black2,1,Ocak,0.6316
DEALER 16,Black2,2,Şubat,1.2632
DEALER 16,Black2,3,Mart,0.4211
DEALER 16,Black2,4,Nisan,1.2632
DEALER 16,Black2,5,Mayıs,0.8421
DEALER 16,Black2,6,Haziran,1.0526
DEALER 16,Black2,7,Temmuz,0.8421
DEALER 16,Black2,8,Ağustos,1.6842
DEALER 16,Black2,9,Eylül,0.8421
DEALER 16,Black2,10,Ekim,1.2632
DEALER 16,Black2,11,Kasım,0.4211
DEALER 16,Black2,12,Aralık,1.4737
DEALER 16,Grey3,1,Ocak,0.4286
DEALER 16,Grey3,2,Şubat,1.5
DEALER 16,Grey3,3,Mart,1.2857
DEALER 16,Grey3,4,Nisan,0.4286
DEALER 16,Grey3,5,Mayıs,0.4286
DEALER 16,Grey3,6,Haziran,1.2857
DEALER 16,Grey3,7,Temmuz,1.2857
DEALER 16,Grey3,8,Ağustos,0.6429
DEALER 16,Grey3,9,Eylül,0.4286
DEALER 16,Grey3,10,Ekim,1.0714
DEALER 16,Grey3,11,Kasım,2.1429
DEALER 16,Grey3,12,Aralık,1.0714
DEALER 16,Beige,1,Ocak,1.3333
DEALER 16,Beige,2,Şubat,0.5333
DEALER 16,Beige,3,Mart,0.8
DEALER 16,Beige,4,Nisan,1.6
DEALER 16,Beige,5,Mayıs,0.0
DEALER 16,Beige,6,Haziran,1.0667
DEALER 16,Beige,7,Temmuz,1.3333
DEALER 16,Beige,8,Ağustos,0.0
DEALER 16,Beige,9,Eylül,1.0667
DEALER 16,Beige,10,Ekim,1.6
DEALER 16,Beige,11,Kasım,1.6
DEALER 16,Beige,12,Aralık,1.0667
DEALER 17,Grey3,1,Ocak,1.8031
DEALER 17,Grey3,2,Şubat,1.6166
DEALER 17,Grey3,3,Mart,0.3731
DEALER 17,Grey3,4,Nisan,0.6839
DEALER 17,Grey3,5,Mayıs,1.1192
DEALER 17,Grey3,6,Haziran,0.6839
DEALER 17,Grey3,7,Temmuz,2.9845
DEALER 17,Grey3,8,Ağustos,0.2487
DEALER 17,Grey3,9,Eylül,0.6218
DEALER 17,Grey3,10,Ekim,0.4974
DEALER 17,Grey3,11,Kasım,0.3109
DEALER 17,Grey3,12,Aralık,1.057
DEALER 17,Grey2,1,Ocak,1.1925
DEALER 17,Grey2,2,Şubat,1.3416
DEALER 17,Grey2,3,Mart,0.5217
DEALER 17,Grey2,4,Nisan,0.2981
DEALER 17,Grey2,5,Mayıs,4.1739
DEALER 17,Grey2,6,Haziran,0.1491
DEALER 17,Grey2,7,Temmuz,0.8944
DEALER 17,Grey2,8,Ağustos,0.5963
DEALER 17,Grey2,9,Eylül,1.9379
DEALER 17,Grey2,10,Ekim,0.4472
DEALER 17,Grey2,11,Kasım,0.1491
DEALER 17,Grey2,12,Aralık,0.2981
DEALER 17,White2,1,Ocak,0.6443
DEALER 17,White2,2,Şubat,0.3221
DEALER 17,White2,3,Mart,0.2416
DEALER 17,White2,4,Nisan,0.6443
DEALER 17,White2,5,Mayıs,0.3221
DEALER 17,White2,6,Haziran,0.4832
DEALER 17,White2,7,Temmuz,1.4497
DEALER 17,White2,8,Ağustos,1.7718
DEALER 17,White2,9,Eylül,1.7718
DEALER 17,White2,10,Ekim,2.7383
DEALER 17,White2,11,Kasım,0.3221
DEALER 17,White2,12,Aralık,1.2886
DEALER 17,Black1,1,Ocak,1.9091
DEALER 17,Black1,2,Şubat,2.4545
DEALER 17,Black1,3,Mart,2.3182
DEALER 17,Black1,4,Nisan,0.5455
DEALER 17,Black1,5,Mayıs,0.9545
DEALER 17,Black1,6,Haziran,0.5455
DEALER 17,Black1,7,Temmuz,0.5455
DEALER 17,Black1,8,Ağustos,0.6818
DEALER 17,Black1,9,Eylül,0.4091
DEALER 17,Black1,10,Ekim,0.2727
DEALER 17,Black1,11,Kasım,1.0909
DEALER 17,Black1,12,Aralık,0.2727
DEALER 17,Beige,1,Ocak,0.0
DEALER 17,Beige,2,Şubat,0.64
DEALER 17,Beige,3,Mart,0.0
DEALER 17,Beige,4,Nisan,0.8
DEALER 17,Beige,5,Mayıs,0.0
DEALER 17,Beige,6,Haziran,3.04
DEALER 17,Beige,7,Temmuz,1.12
DEALER 17,Beige,8,Ağustos,1.44
DEALER 17,Beige,9,Eylül,1.44
DEALER 17,Beige,10,Ekim,1.12
DEALER 17,Beige,11,Kasım,0.8
DEALER 17,Beige,12,Aralık,1.6
DEALER 18,Grey2,1,Ocak,1.9726
DEALER 18,Grey2,2,Şubat,2.6301
DEALER 18,Grey2,3,Mart,1.6438
DEALER 18,Grey2,4,Nisan,0.8219
DEALER 18,Grey2,5,Mayıs,0.4932
DEALER 18,Grey2,6,Haziran,0.4932
DEALER 18,Grey2,7,Temmuz,0.9863
DEALER 18,Grey2,8,Ağustos,0.8219
DEALER 18,Grey2,9,Eylül,0.4932
DEALER 18,Grey2,10,Ekim,0.6575
DEALER 18,Grey2,11,Kasım,0.4932
DEALER 18,Grey2,12,Aralık,0.4932
DEALER 18,Beige,1,Ocak,0.8571
DEALER 18,Beige,2,Şubat,0.4286
DEALER 18,Beige,3,Mart,0.8571
DEALER 18,Beige,4,Nisan,0.4286
DEALER 18,Beige,5,Mayıs,0.4286
DEALER 18,Beige,6,Haziran,0.4286
DEALER 18,Beige,7,Temmuz,1.0714
DEALER 18,Beige,8,Ağustos,0.6429
DEALER 18,Beige,9,Eylül,1.5
DEALER 18,Beige,10,Ekim,1.2857
DEALER 18,Beige,11,Kasım,1.5
DEALER 18,Beige,12,Aralık,2.5714
DEALER 18,Black2,1,Ocak,1.3091
DEALER 18,Black2,2,Şubat,0.6545
DEALER 18,Black2,3,Mart,0.4364
DEALER 18,Black2,4,Nisan,0.4364
DEALER 18,Black2,5,Mayıs,0.4364
DEALER 18,Black2,6,Haziran,0.8727
DEALER 18,Black2,7,Temmuz,0.4364
DEALER 18,Black2,8,Ağustos,1.3091
DEALER 18,Black2,9,Eylül,1.0909
DEALER 18,Black2,10,Ekim,0.8727
DEALER 18,Black2,11,Kasım,2.1818
DEALER 18,Black2,12,Aralık,1.9636
DEALER 18,Grey3,1,Ocak,1.5319
DEALER 18,Grey3,2,Şubat,0.5106
DEALER 18,Grey3,3,Mart,0.5106
DEALER 18,Grey3,4,Nisan,0.0
DEALER 18,Grey3,5,Mayıs,0.5106
DEALER 18,Grey3,6,Haziran,1.0213
DEALER 18,Grey3,7,Temmuz,1.0213
DEALER 18,Grey3,8,Ağustos,0.766
DEALER 18,Grey3,9,Eylül,2.0426
DEALER 18,Grey3,10,Ekim,0.0
DEALER 18,Grey3,11,Kasım,1.7872
DEALER 18,Grey3,12,Aralık,2.2979
DEALER 18,Black1,1,Ocak,1.1538
DEALER 18,Black1,2,Şubat,1.3846
DEALER 18,Black1,3,Mart,1.8462
DEALER 18,Black1,4,Nisan,1.1538
DEALER 18,Black1,5,Mayıs,0.4615
DEALER 18,Black1,6,Haziran,1.3846
DEALER 18,Black1,7,Temmuz,0.6923
DEALER 18,Black1,8,Ağustos,1.6154
DEALER 18,Black1,9,Eylül,0.4615
DEALER 18,Black1,10,Ekim,0.4615
DEALER 18,Black1,11,Kasım,0.9231
DEALER 18,Black1,12,Aralık,0.4615
DEALER 19,Black1,1,Ocak,1.1429
DEALER 19,Black1,2,Şubat,0.8571
DEALER 19,Black1,3,Mart,2.0
DEALER 19,Black1,4,Nisan,0.0
DEALER 19,Black1,5,Mayıs,0.5714
DEALER 19,Black1,6,Haziran,1.1429
DEALER 19,Black1,7,Temmuz,0.5714
DEALER 19,Black1,8,Ağustos,1.7143
DEALER 19,Black1,9,Eylül,0.5714
DEALER 19,Black1,10,Ekim,1.1429
DEALER 19,Black1,11,Kasım,2.2857
DEALER 19,Black1,12,Aralık,0.0
DEALER 19,White1,1,Ocak,1.0909
DEALER 19,White1,2,Şubat,0.8182
DEALER 19,White1,3,Mart,0.5455
DEALER 19,White1,4,Nisan,0.8182
DEALER 19,White1,5,Mayıs,1.0909
DEALER 19,White1,6,Haziran,0.5455
DEALER 19,White1,7,Temmuz,0.0
DEALER 19,White1,8,Ağustos,3.8182
DEALER 19,White1,9,Eylül,1.0909
DEALER 19,White1,10,Ekim,0.5455
DEALER 19,White1,11,Kasım,0.5455
DEALER 19,White1,12,Aralık,1.0909
DEALER 19,Black2,1,Ocak,1.2632
DEALER 19,Black2,2,Şubat,0.6316
DEALER 19,Black2,3,Mart,0.6316
DEALER 19,Black2,4,Nisan,0.0
DEALER 19,Black2,5,Mayıs,1.8947
DEALER 19,Black2,6,Haziran,0.6316
DEALER 19,Black2,7,Temmuz,0.6316
DEALER 19,Black2,8,Ağustos,1.2632
DEALER 19,Black2,9,Eylül,0.9474
DEALER 19,Black2,10,Ekim,0.9474
DEALER 19,Black2,11,Kasım,1.8947
DEALER 19,Black2,12,Aralık,1.2632
DEALER 19,Grey2,1,Ocak,1.8947
DEALER 19,Grey2,2,Şubat,0.6316
DEALER 19,Grey2,3,Mart,0.6316
DEALER 19,Grey2,4,Nisan,0.6316
DEALER 19,Grey2,5,Mayıs,1.8947
DEALER 19,Grey2,6,Haziran,1.2632
DEALER 19,Grey2,7,Temmuz,0.0
DEALER 19,Grey2,8,Ağustos,1.8947
DEALER 19,Grey2,9,Eylül,1.8947
DEALER 19,Grey2,10,Ekim,0.0
DEALER 19,Grey2,11,Kasım,0.6316
DEALER 19,Grey2,12,Aralık,0.6316
DEALER 19,Grey3,1,Ocak,0.0
DEALER 19,Grey3,2,Şubat,0.0
DEALER 19,Grey3,3,Mart,1.2
DEALER 19,Grey3,4,Nisan,0.8
DEALER 19,Grey3,5,Mayıs,2.4
DEALER 19,Grey3,6,Haziran,0.8
DEALER 19,Grey3,7,Temmuz,0.0
DEALER 19,Grey3,8,Ağustos,1.6
DEALER 19,Grey3,9,Eylül,0.8
DEALER 19,Grey3,10,Ekim,0.0
DEALER 19,Grey3,11,Kasım,2.4
DEALER 19,Grey3,12,Aralık,2.0
DEALER 2,White2,1,Ocak,0.9231
DEALER 2,White2,2,Şubat,1.3846
DEALER 2,White2,3,Mart,0.4615
DEALER 2,White2,4,Nisan,1.8462
DEALER 2,White2,5,Mayıs,0.9231
DEALER 2,White2,6,Haziran,0.0
DEALER 2,White2,7,Temmuz,0.9231
DEALER 2,White2,8,Ağustos,1.1538
DEALER 2,White2,9,Eylül,0.4615
DEALER 2,White2,10,Ekim,1.3846
DEALER 2,White2,11,Kasım,0.9231
DEALER 2,White2,12,Aralık,1.6154
DEALER 2,Beige,1,Ocak,1.8
DEALER 2,Beige,2,Şubat,1.2
DEALER 2,Beige,3,Mart,0.6
DEALER 2,Beige,4,Nisan,0.6
DEALER 2,Beige,5,Mayıs,0.0
DEALER 2,Beige,6,Haziran,0.9
DEALER 2,Beige,7,Temmuz,0.6
DEALER 2,Beige,8,Ağustos,0.6
DEALER 2,Beige,9,Eylül,0.0
DEALER 2,Beige,10,Ekim,2.1
DEALER 2,Beige,11,Kasım,2.4
DEALER 2,Beige,12,Aralık,1.2
DEALER 2,Black2,1,Ocak,0.5581
DEALER 2,Black2,2,Şubat,1.1163
DEALER 2,Black2,3,Mart,0.0
DEALER 2,Black2,4,Nisan,0.5581
DEALER 2,Black2,5,Mayıs,1.1163
DEALER 2,Black2,6,Haziran,1.1163
DEALER 2,Black2,7,Temmuz,1.1163
DEALER 2,Black2,8,Ağustos,1.1163
DEALER 2,Black2,9,Eylül,1.1163
DEALER 2,Black2,10,Ekim,0.0
DEALER 2,Black2,11,Kasım,2.2326
DEALER 2,Black2,12,Aralık,1.9535
DEALER 2,Grey3,1,Ocak,0.7059
DEALER 2,Grey3,2,Şubat,0.0
DEALER 2,Grey3,3,Mart,0.0
DEALER 2,Grey3,4,Nisan,0.7059
DEALER 2,Grey3,5,Mayıs,2.1176
DEALER 2,Grey3,6,Haziran,0.7059
DEALER 2,Grey3,7,Temmuz,0.7059
DEALER 2,Grey3,8,Ağustos,1.4118
DEALER 2,Grey3,9,Eylül,1.0588
DEALER 2,Grey3,10,Ekim,0.0
DEALER 2,Grey3,11,Kasım,1.7647
DEALER 2,Grey3,12,Aralık,2.8235
DEALER 2,Grey2,1,Ocak,0.75
DEALER 2,Grey2,2,Şubat,0.75
DEALER 2,Grey2,3,Mart,2.25
DEALER 2,Grey2,4,Nisan,1.125
DEALER 2,Grey2,5,Mayıs,0.75
DEALER 2,Grey2,6,Haziran,0.75
DEALER 2,Grey2,7,Temmuz,1.5
DEALER 2,Grey2,8,Ağustos,0.75
DEALER 2,Grey2,9,Eylül,1.125
DEALER 2,Grey2,10,Ekim,0.75
DEALER 2,Grey2,11,Kasım,0.75
DEALER 2,Grey2,12,Aralık,0.75
DEALER 20,Black2,1,Ocak,0.9231
DEALER 20,Black2,2,Şubat,0.9231
DEALER 20,Black2,3,Mart,0.0
DEALER 20,Black2,4,Nisan,0.9231
DEALER 20,Black2,5,Mayıs,0.0
DEALER 20,Black2,6,Haziran,0.9231
DEALER 20,Black2,7,Temmuz,0.9231
DEALER 20,Black2,8,Ağustos,1.8462
DEALER 20,Black2,9,Eylül,0.9231
DEALER 20,Black2,10,Ekim,3.6923
DEALER 20,Black2,11,Kasım,0.0
DEALER 20,Black2,12,Aralık,0.9231
DEALER 20,Grey3,1,Ocak,0.0
DEALER 20,Grey3,2,Şubat,0.9231
DEALER 20,Grey3,3,Mart,0.0
DEALER 20,Grey3,4,Nisan,0.9231
DEALER 20,Grey3,5,Mayıs,0.0
DEALER 20,Grey3,6,Haziran,0.9231
DEALER 20,Grey3,7,Temmuz,0.9231
DEALER 20,Grey3,8,Ağustos,0.0
DEALER 20,Grey3,9,Eylül,1.8462
DEALER 20,Grey3,10,Ekim,0.0
DEALER 20,Grey3,11,Kasım,1.8462
DEALER 20,Grey3,12,Aralık,4.6154
DEALER 20,White2,1,Ocak,1.0909
DEALER 20,White2,2,Şubat,0.0
DEALER 20,White2,3,Mart,2.1818
DEALER 20,White2,4,Nisan,0.0
DEALER 20,White2,5,Mayıs,0.0
DEALER 20,White2,6,Haziran,1.0909
DEALER 20,White2,7,Temmuz,1.0909
DEALER 20,White2,8,Ağustos,1.0909
DEALER 20,White2,9,Eylül,3.2727
DEALER 20,White2,10,Ekim,0.0
DEALER 20,White2,11,Kasım,0.0
DEALER 20,White2,12,Aralık,2.1818
DEALER 20,Grey2,1,Ocak,4.5
DEALER 20,Grey2,2,Şubat,1.5
DEALER 20,Grey2,3,Mart,0.0
DEALER 20,Grey2,4,Nisan,0.0
DEALER 20,Grey2,5,Mayıs,0.0
DEALER 20,Grey2,6,Haziran,0.0
DEALER 20,Grey2,7,Temmuz,0.0
DEALER 20,Grey2,8,Ağustos,0.0
DEALER 20,Grey2,9,Eylül,3.0
DEALER 20,Grey2,10,Ekim,1.5
DEALER 20,Grey2,11,Kasım,0.0
DEALER 20,Grey2,12,Aralık,1.5
DEALER 20,Black1,1,Ocak,1.7143
DEALER 20,Black1,2,Şubat,1.7143
DEALER 20,Black1,3,Mart,1.7143
DEALER 20,Black1,4,Nisan,0.0
DEALER 20,Black1,5,Mayıs,1.7143
DEALER 20,Black1,6,Haziran,0.0
DEALER 20,Black1,7,Temmuz,0.0
DEALER 20,Black1,8,Ağustos,1.7143
DEALER 20,Black1,9,Eylül,0.0
DEALER 20,Black1,10,Ekim,0.0
DEALER 20,Black1,11,Kasım,3.4286
DEALER 20,Black1,12,Aralık,0.0
DEALER 21,Grey3,1,Ocak,2.0
DEALER 21,Grey3,2,Şubat,1.5
DEALER 21,Grey3,3,Mart,1.0
DEALER 21,Grey3,4,Nisan,0.5
DEALER 21,Grey3,5,Mayıs,0.5
DEALER 21,Grey3,6,Haziran,1.25
DEALER 21,Grey3,7,Temmuz,0.5
DEALER 21,Grey3,8,Ağustos,0.75
DEALER 21,Grey3,9,Eylül,1.0
DEALER 21,Grey3,10,Ekim,0.5
DEALER 21,Grey3,11,Kasım,0.0
DEALER 21,Grey3,12,Aralık,2.5
DEALER 21,Beige,1,Ocak,0.7273
DEALER 21,Beige,2,Şubat,0.0
DEALER 21,Beige,3,Mart,2.1818
DEALER 21,Beige,4,Nisan,1.4545
DEALER 21,Beige,5,Mayıs,0.0
DEALER 21,Beige,6,Haziran,0.7273
DEALER 21,Beige,7,Temmuz,1.8182
DEALER 21,Beige,8,Ağustos,1.4545
DEALER 21,Beige,9,Eylül,0.7273
DEALER 21,Beige,10,Ekim,0.7273
DEALER 21,Beige,11,Kasım,1.0909
DEALER 21,Beige,12,Aralık,1.0909
DEALER 21,White2,1,Ocak,0.8
DEALER 21,White2,2,Şubat,1.2
DEALER 21,White2,3,Mart,0.0
DEALER 21,White2,4,Nisan,0.8
DEALER 21,White2,5,Mayıs,1.6
DEALER 21,White2,6,Haziran,0.0
DEALER 21,White2,7,Temmuz,0.8
DEALER 21,White2,8,Ağustos,2.4
DEALER 21,White2,9,Eylül,0.0
DEALER 21,White2,10,Ekim,1.6
DEALER 21,White2,11,Kasım,1.6
DEALER 21,White2,12,Aralık,1.2
DEALER 21,Black1,1,Ocak,2.087
DEALER 21,Black1,2,Şubat,1.0435
DEALER 21,Black1,3,Mart,1.5652
DEALER 21,Black1,4,Nisan,2.087
DEALER 21,Black1,5,Mayıs,0.0
DEALER 21,Black1,6,Haziran,0.0
DEALER 21,Black1,7,Temmuz,1.5652
DEALER 21,Black1,8,Ağustos,2.6087
DEALER 21,Black1,9,Eylül,0.0
DEALER 21,Black1,10,Ekim,0.0
DEALER 21,Black1,11,Kasım,1.0435
DEALER 21,Black1,12,Aralık,0.0
DEALER 21,Black2,1,Ocak,0.0
DEALER 21,Black2,2,Şubat,0.0
DEALER 21,Black2,3,Mart,1.2
DEALER 21,Black2,4,Nisan,0.0
DEALER 21,Black2,5,Mayıs,0.0
DEALER 21,Black2,6,Haziran,1.2
DEALER 21,Black2,7,Temmuz,1.2
DEALER 21,Black2,8,Ağustos,1.8
DEALER 21,Black2,9,Eylül,1.2
DEALER 21,Black2,10,Ekim,1.2
DEALER 21,Black2,11,Kasım,2.4
DEALER 21,Black2,12,Aralık,1.8
DEALER 22,Grey3,1,Ocak,0.0
DEALER 22,Grey3,2,Şubat,0.0
DEALER 22,Grey3,3,Mart,1.8462
DEALER 22,Grey3,4,Nisan,1.8462
DEALER 22,Grey3,5,Mayıs,0.6154
DEALER 22,Grey3,6,Haziran,0.6154
DEALER 22,Grey3,7,Temmuz,0.0
DEALER 22,Grey3,8,Ağustos,0.6154
DEALER 22,Grey3,9,Eylül,3.0769
DEALER 22,Grey3,10,Ekim,0.6154
DEALER 22,Grey3,11,Kasım,1.8462
DEALER 22,Grey3,12,Aralık,0.9231
DEALER 22,Black2,1,Ocak,0.8276
DEALER 22,Black2,2,Şubat,0.0
DEALER 22,Black2,3,Mart,0.0
DEALER 22,Black2,4,Nisan,0.8276
DEALER 22,Black2,5,Mayıs,0.8276
DEALER 22,Black2,6,Haziran,1.2414
DEALER 22,Black2,7,Temmuz,0.0
DEALER 22,Black2,8,Ağustos,1.6552
DEALER 22,Black2,9,Eylül,0.8276
DEALER 22,Black2,10,Ekim,1.6552
DEALER 22,Black2,11,Kasım,0.8276
DEALER 22,Black2,12,Aralık,3.3103
DEALER 22,Beige,1,Ocak,1.8462
DEALER 22,Beige,2,Şubat,0.9231
DEALER 22,Beige,3,Mart,0.9231
DEALER 22,Beige,4,Nisan,0.0
DEALER 22,Beige,5,Mayıs,0.9231
DEALER 22,Beige,6,Haziran,0.0
DEALER 22,Beige,7,Temmuz,2.7692
DEALER 22,Beige,8,Ağustos,0.9231
DEALER 22,Beige,9,Eylül,0.9231
DEALER 22,Beige,10,Ekim,1.8462
DEALER 22,Beige,11,Kasım,0.0
DEALER 22,Beige,12,Aralık,0.9231
DEALER 22,Black1,1,Ocak,0.8889
DEALER 22,Black1,2,Şubat,3.5556
DEALER 22,Black1,3,Mart,3.5556
DEALER 22,Black1,4,Nisan,0.0
DEALER 22,Black1,5,Mayıs,0.0
DEALER 22,Black1,6,Haziran,0.0
DEALER 22,Black1,7,Temmuz,0.8889
DEALER 22,Black1,8,Ağustos,3.1111
DEALER 22,Black1,9,Eylül,0.0
DEALER 22,Black1,10,Ekim,0.0
DEALER 22,Black1,11,Kasım,0.0
DEALER 22,Black1,12,Aralık,0.0
DEALER 22,Grey2,1,Ocak,2.5714
DEALER 22,Grey2,2,Şubat,0.0
DEALER 22,Grey2,3,Mart,0.8571
DEALER 22,Grey2,4,Nisan,1.7143
DEALER 22,Grey2,5,Mayıs,0.8571
DEALER 22,Grey2,6,Haziran,0.8571
DEALER 22,Grey2,7,Temmuz,0.0
DEALER 22,Grey2,8,Ağustos,0.8571
DEALER 22,Grey2,9,Eylül,0.8571
DEALER 22,Grey2,10,Ekim,1.7143
DEALER 22,Grey2,11,Kasım,0.8571
DEALER 22,Grey2,12,Aralık,0.8571
DEALER 3,Black1,1,Ocak,1.2
DEALER 3,Black1,2,Şubat,1.92
DEALER 3,Black1,3,Mart,1.2
DEALER 3,Black1,4,Nisan,0.72
DEALER 3,Black1,5,Mayıs,1.44
DEALER 3,Black1,6,Haziran,0.96
DEALER 3,Black1,7,Temmuz,1.44
DEALER 3,Black1,8,Ağustos,2.16
DEALER 3,Black1,9,Eylül,0.48
DEALER 3,Black1,10,Ekim,0.48
DEALER 3,Black1,11,Kasım,0.0
DEALER 3,Black1,12,Aralık,0.0
DEALER 3,Grey3,1,Ocak,1.0213
DEALER 3,Grey3,2,Şubat,1.0213
DEALER 3,Grey3,3,Mart,1.0213
DEALER 3,Grey3,4,Nisan,0.0
DEALER 3,Grey3,5,Mayıs,0.0
DEALER 3,Grey3,6,Haziran,2.0426
DEALER 3,Grey3,7,Temmuz,1.0213
DEALER 3,Grey3,8,Ağustos,1.5319
DEALER 3,Grey3,9,Eylül,0.5106
DEALER 3,Grey3,10,Ekim,0.5106
DEALER 3,Grey3,11,Kasım,0.5106
DEALER 3,Grey3,12,Aralık,2.8085
DEALER 3,Beige,1,Ocak,0.9796
DEALER 3,Beige,2,Şubat,0.4898
DEALER 3,Beige,3,Mart,0.4898
DEALER 3,Beige,4,Nisan,0.0
DEALER 3,Beige,5,Mayıs,0.4898
DEALER 3,Beige,6,Haziran,0.4898
DEALER 3,Beige,7,Temmuz,0.4898
DEALER 3,Beige,8,Ağustos,0.9796
DEALER 3,Beige,9,Eylül,0.9796
DEALER 3,Beige,10,Ekim,1.4694
DEALER 3,Beige,11,Kasım,2.449
DEALER 3,Beige,12,Aralık,2.6939
DEALER 3,Grey2,1,Ocak,4.6154
DEALER 3,Grey2,2,Şubat,2.3077
DEALER 3,Grey2,3,Mart,0.4615
DEALER 3,Grey2,4,Nisan,0.9231
DEALER 3,Grey2,5,Mayıs,0.0
DEALER 3,Grey2,6,Haziran,0.6923
DEALER 3,Grey2,7,Temmuz,0.6923
DEALER 3,Grey2,8,Ağustos,0.4615
DEALER 3,Grey2,9,Eylül,0.6923
DEALER 3,Grey2,10,Ekim,0.4615
DEALER 3,Grey2,11,Kasım,0.0
DEALER 3,Grey2,12,Aralık,0.6923
DEALER 3,White2,1,Ocak,0.8
DEALER 3,White2,2,Şubat,0.8
DEALER 3,White2,3,Mart,0.8
DEALER 3,White2,4,Nisan,1.6
DEALER 3,White2,5,Mayıs,1.2
DEALER 3,White2,6,Haziran,0.8
DEALER 3,White2,7,Temmuz,1.2
DEALER 3,White2,8,Ağustos,0.0
DEALER 3,White2,9,Eylül,2.0
DEALER 3,White2,10,Ekim,0.0
DEALER 3,White2,11,Kasım,1.2
DEALER 3,White2,12,Aralık,1.6
DEALER 4,Black1,1,Ocak,2.1
DEALER 4,Black1,2,Şubat,1.5
DEALER 4,Black1,3,Mart,1.5
DEALER 4,Black1,4,Nisan,1.5
DEALER 4,Black1,5,Mayıs,0.6
DEALER 4,Black1,6,Haziran,0.6
DEALER 4,Black1,7,Temmuz,0.0
DEALER 4,Black1,8,Ağustos,2.1
DEALER 4,Black1,9,Eylül,0.9
DEALER 4,Black1,10,Ekim,0.6
DEALER 4,Black1,11,Kasım,0.6
DEALER 4,Black1,12,Aralık,0.0
DEALER 4,Beige,1,Ocak,0.6
DEALER 4,Beige,2,Şubat,0.0
DEALER 4,Beige,3,Mart,0.6
DEALER 4,Beige,4,Nisan,1.2
DEALER 4,Beige,5,Mayıs,0.6
DEALER 4,Beige,6,Haziran,1.5
DEALER 4,Beige,7,Temmuz,0.9
DEALER 4,Beige,8,Ağustos,0.6
DEALER 4,Beige,9,Eylül,2.4
DEALER 4,Beige,10,Ekim,0.0
DEALER 4,Beige,11,Kasım,1.8
DEALER 4,Beige,12,Aralık,1.8
DEALER 4,Grey3,1,Ocak,0.0
DEALER 4,Grey3,2,Şubat,1.125
DEALER 4,Grey3,3,Mart,1.5
DEALER 4,Grey3,4,Nisan,0.75
DEALER 4,Grey3,5,Mayıs,1.125
DEALER 4,Grey3,6,Haziran,1.125
DEALER 4,Grey3,7,Temmuz,1.875
DEALER 4,Grey3,8,Ağustos,0.75
DEALER 4,Grey3,9,Eylül,1.5
DEALER 4,Grey3,10,Ekim,0.75
DEALER 4,Grey3,11,Kasım,0.0
DEALER 4,Grey3,12,Aralık,1.5
DEALER 4,Black2,1,Ocak,0.0
DEALER 4,Black2,2,Şubat,0.5854
DEALER 4,Black2,3,Mart,0.5854
DEALER 4,Black2,4,Nisan,0.0
DEALER 4,Black2,5,Mayıs,0.5854
DEALER 4,Black2,6,Haziran,1.7561
DEALER 4,Black2,7,Temmuz,0.0
DEALER 4,Black2,8,Ağustos,1.7561
DEALER 4,Black2,9,Eylül,1.1707
DEALER 4,Black2,10,Ekim,1.1707
DEALER 4,Black2,11,Kasım,2.3415
DEALER 4,Black2,12,Aralık,2.0488
DEALER 4,Grey2,1,Ocak,3.2432
DEALER 4,Grey2,2,Şubat,1.6216
DEALER 4,Grey2,3,Mart,0.0
DEALER 4,Grey2,4,Nisan,0.0
DEALER 4,Grey2,5,Mayıs,0.973
DEALER 4,Grey2,6,Haziran,0.6486
DEALER 4,Grey2,7,Temmuz,1.2973
DEALER 4,Grey2,8,Ağustos,1.6216
DEALER 4,Grey2,9,Eylül,0.0
DEALER 4,Grey2,10,Ekim,1.2973
DEALER 4,Grey2,11,Kasım,1.2973
DEALER 4,Grey2,12,Aralık,0.0
DEALER 5,Black1,1,Ocak,0.6923
DEALER 5,Black1,2,Şubat,0.9231
DEALER 5,Black1,3,Mart,0.4615
DEALER 5,Black1,4,Nisan,0.9231
DEALER 5,Black1,5,Mayıs,2.3077
DEALER 5,Black1,6,Haziran,0.9231
DEALER 5,Black1,7,Temmuz,0.6923
DEALER 5,Black1,8,Ağustos,2.0769
DEALER 5,Black1,9,Eylül,0.6923
DEALER 5,Black1,10,Ekim,0.4615
DEALER 5,Black1,11,Kasım,1.3846
DEALER 5,Black1,12,Aralık,0.4615
DEALER 5,Black2,1,Ocak,0.6
DEALER 5,Black2,2,Şubat,0.6
DEALER 5,Black2,3,Mart,0.0
DEALER 5,Black2,4,Nisan,0.6
DEALER 5,Black2,5,Mayıs,0.6
DEALER 5,Black2,6,Haziran,1.8
DEALER 5,Black2,7,Temmuz,2.4
DEALER 5,Black2,8,Ağustos,0.6
DEALER 5,Black2,9,Eylül,0.6
DEALER 5,Black2,10,Ekim,0.9
DEALER 5,Black2,11,Kasım,0.6
DEALER 5,Black2,12,Aralık,2.7
DEALER 5,Grey3,1,Ocak,1.6
DEALER 5,Grey3,2,Şubat,0.8
DEALER 5,Grey3,3,Mart,0.8
DEALER 5,Grey3,4,Nisan,1.6
DEALER 5,Grey3,5,Mayıs,0.8
DEALER 5,Grey3,6,Haziran,0.8
DEALER 5,Grey3,7,Temmuz,0.0
DEALER 5,Grey3,8,Ağustos,0.8
DEALER 5,Grey3,9,Eylül,0.8
DEALER 5,Grey3,10,Ekim,0.8
DEALER 5,Grey3,11,Kasım,0.8
DEALER 5,Grey3,12,Aralık,2.4
DEALER 5,Beige,1,Ocak,0.0
DEALER 5,Beige,2,Şubat,0.0
DEALER 5,Beige,3,Mart,1.0909
DEALER 5,Beige,4,Nisan,0.0
DEALER 5,Beige,5,Mayıs,0.0
DEALER 5,Beige,6,Haziran,1.0909
DEALER 5,Beige,7,Temmuz,1.0909
DEALER 5,Beige,8,Ağustos,0.0
DEALER 5,Beige,9,Eylül,2.7273
DEALER 5,Beige,10,Ekim,1.6364
DEALER 5,Beige,11,Kasım,2.1818
DEALER 5,Beige,12,Aralık,2.1818
DEALER 5,Grey2,1,Ocak,1.7778
DEALER 5,Grey2,2,Şubat,0.8889
DEALER 5,Grey2,3,Mart,0.0
DEALER 5,Grey2,4,Nisan,0.0
DEALER 5,Grey2,5,Mayıs,0.8889
DEALER 5,Grey2,6,Haziran,0.8889
DEALER 5,Grey2,7,Temmuz,0.8889
DEALER 5,Grey2,8,Ağustos,2.2222
DEALER 5,Grey2,9,Eylül,1.7778
DEALER 5,Grey2,10,Ekim,0.0
DEALER 5,Grey2,11,Kasım,0.8889
DEALER 5,Grey2,12,Aralık,1.7778
DEALER 6,Beige,1,Ocak,1.0588
DEALER 6,Beige,2,Şubat,0.7059
DEALER 6,Beige,3,Mart,0.3529
DEALER 6,Beige,4,Nisan,1.0588
DEALER 6,Beige,5,Mayıs,0.3529
DEALER 6,Beige,6,Haziran,1.0588
DEALER 6,Beige,7,Temmuz,1.4118
DEALER 6,Beige,8,Ağustos,0.7059
DEALER 6,Beige,9,Eylül,0.7059
DEALER 6,Beige,10,Ekim,0.7059
DEALER 6,Beige,11,Kasım,0.7059
DEALER 6,Beige,12,Aralık,3.1765
DEALER 6,Grey2,1,Ocak,3.1475
DEALER 6,Grey2,2,Şubat,1.377
DEALER 6,Grey2,3,Mart,1.1803
DEALER 6,Grey2,4,Nisan,0.7869
DEALER 6,Grey2,5,Mayıs,0.7869
DEALER 6,Grey2,6,Haziran,0.5902
DEALER 6,Grey2,7,Temmuz,0.9836
DEALER 6,Grey2,8,Ağustos,0.7869
DEALER 6,Grey2,9,Eylül,0.3934
DEALER 6,Grey2,10,Ekim,0.3934
DEALER 6,Grey2,11,Kasım,0.3934
DEALER 6,Grey2,12,Aralık,1.1803
DEALER 6,Grey3,1,Ocak,0.6429
DEALER 6,Grey3,2,Şubat,0.6429
DEALER 6,Grey3,3,Mart,1.0714
DEALER 6,Grey3,4,Nisan,1.2857
DEALER 6,Grey3,5,Mayıs,0.8571
DEALER 6,Grey3,6,Haziran,0.4286
DEALER 6,Grey3,7,Temmuz,0.8571
DEALER 6,Grey3,8,Ağustos,0.8571
DEALER 6,Grey3,9,Eylül,1.2857
DEALER 6,Grey3,10,Ekim,1.2857
DEALER 6,Grey3,11,Kasım,1.2857
DEALER 6,Grey3,12,Aralık,1.5
DEALER 6,White1,1,Ocak,0.9796
DEALER 6,White1,2,Şubat,1.9592
DEALER 6,White1,3,Mart,0.7347
DEALER 6,White1,4,Nisan,1.4694
DEALER 6,White1,5,Mayıs,0.4898
DEALER 6,White1,6,Haziran,0.4898
DEALER 6,White1,7,Temmuz,0.9796
DEALER 6,White1,8,Ağustos,1.7143
DEALER 6,White1,9,Eylül,0.9796
DEALER 6,White1,10,Ekim,0.7347
DEALER 6,White1,11,Kasım,0.4898
DEALER 6,White1,12,Aralık,0.9796
DEALER 6,Blue,1,Ocak,2.3529
DEALER 6,Blue,2,Şubat,0.7059
DEALER 6,Blue,3,Mart,0.9412
DEALER 6,Blue,4,Nisan,0.9412
DEALER 6,Blue,5,Mayıs,0.4706
DEALER 6,Blue,6,Haziran,1.1765
DEALER 6,Blue,7,Temmuz,0.7059
DEALER 6,Blue,8,Ağustos,1.8824
DEALER 6,Blue,9,Eylül,0.9412
DEALER 6,Blue,10,Ekim,0.4706
DEALER 6,Blue,11,Kasım,0.4706
DEALER 6,Blue,12,Aralık,0.9412
DEALER 7,Black2,1,Ocak,0.2759
DEALER 7,Black2,2,Şubat,0.5517
DEALER 7,Black2,3,Mart,0.5517
DEALER 7,Black2,4,Nisan,0.8276
DEALER 7,Black2,5,Mayıs,1.3793
DEALER 7,Black2,6,Haziran,1.2414
DEALER 7,Black2,7,Temmuz,0.6897
DEALER 7,Black2,8,Ağustos,1.3793
DEALER 7,Black2,9,Eylül,1.1034
DEALER 7,Black2,10,Ekim,0.8276
DEALER 7,Black2,11,Kasım,0.2759
DEALER 7,Black2,12,Aralık,2.8966
DEALER 7,Grey3,1,Ocak,0.7059
DEALER 7,Grey3,2,Şubat,0.2824
DEALER 7,Grey3,3,Mart,1.5529
DEALER 7,Grey3,4,Nisan,0.8471
DEALER 7,Grey3,5,Mayıs,0.7059
DEALER 7,Grey3,6,Haziran,1.6941
DEALER 7,Grey3,7,Temmuz,0.7059
DEALER 7,Grey3,8,Ağustos,0.5647
DEALER 7,Grey3,9,Eylül,0.9882
DEALER 7,Grey3,10,Ekim,0.4235
DEALER 7,Grey3,11,Kasım,1.5529
DEALER 7,Grey3,12,Aralık,1.9765
DEALER 7,White2,1,Ocak,1.0435
DEALER 7,White2,2,Şubat,0.3478
DEALER 7,White2,3,Mart,1.2174
DEALER 7,White2,4,Nisan,0.3478
DEALER 7,White2,5,Mayıs,0.0
DEALER 7,White2,6,Haziran,0.6957
DEALER 7,White2,7,Temmuz,0.3478
DEALER 7,White2,8,Ağustos,0.6957
DEALER 7,White2,9,Eylül,0.8696
DEALER 7,White2,10,Ekim,0.8696
DEALER 7,White2,11,Kasım,1.0435
DEALER 7,White2,12,Aralık,4.5217
DEALER 7,Black1,1,Ocak,1.8462
DEALER 7,Black1,2,Şubat,2.1538
DEALER 7,Black1,3,Mart,0.9231
DEALER 7,Black1,4,Nisan,0.4615
DEALER 7,Black1,5,Mayıs,1.8462
DEALER 7,Black1,6,Haziran,0.6154
DEALER 7,Black1,7,Temmuz,1.0769
DEALER 7,Black1,8,Ağustos,1.0769
DEALER 7,Black1,9,Eylül,0.4615
DEALER 7,Black1,10,Ekim,0.3077
DEALER 7,Black1,11,Kasım,0.6154
DEALER 7,Black1,12,Aralık,0.6154
DEALER 7,Grey2,1,Ocak,1.6552
DEALER 7,Grey2,2,Şubat,0.8276
DEALER 7,Grey2,3,Mart,2.2759
DEALER 7,Grey2,4,Nisan,0.0
DEALER 7,Grey2,5,Mayıs,1.8621
DEALER 7,Grey2,6,Haziran,0.4138
DEALER 7,Grey2,7,Temmuz,0.4138
DEALER 7,Grey2,8,Ağustos,1.2414
DEALER 7,Grey2,9,Eylül,0.8276
DEALER 7,Grey2,10,Ekim,0.6207
DEALER 7,Grey2,11,Kasım,1.0345
DEALER 7,Grey2,12,Aralık,0.8276
DEALER 8,Black1,1,Ocak,2.88
DEALER 8,Black1,2,Şubat,1.44
DEALER 8,Black1,3,Mart,1.44
DEALER 8,Black1,4,Nisan,0.96
DEALER 8,Black1,5,Mayıs,0.0
DEALER 8,Black1,6,Haziran,0.72
DEALER 8,Black1,7,Temmuz,0.48
DEALER 8,Black1,8,Ağustos,1.44
DEALER 8,Black1,9,Eylül,0.48
DEALER 8,Black1,10,Ekim,0.96
DEALER 8,Black1,11,Kasım,0.48
DEALER 8,Black1,12,Aralık,0.72
DEALER 8,Black2,1,Ocak,1.5
DEALER 8,Black2,2,Şubat,1.0
DEALER 8,Black2,3,Mart,1.0
DEALER 8,Black2,4,Nisan,0.5
DEALER 8,Black2,5,Mayıs,0.5
DEALER 8,Black2,6,Haziran,3.0
DEALER 8,Black2,7,Temmuz,0.5
DEALER 8,Black2,8,Ağustos,0.75
DEALER 8,Black2,9,Eylül,0.5
DEALER 8,Black2,10,Ekim,0.5
DEALER 8,Black2,11,Kasım,1.0
DEALER 8,Black2,12,Aralık,1.25
DEALER 8,Grey3,1,Ocak,1.3714
DEALER 8,Grey3,2,Şubat,0.6857
DEALER 8,Grey3,3,Mart,0.0
DEALER 8,Grey3,4,Nisan,1.0286
DEALER 8,Grey3,5,Mayıs,1.3714
DEALER 8,Grey3,6,Haziran,1.0286
DEALER 8,Grey3,7,Temmuz,0.0
DEALER 8,Grey3,8,Ağustos,0.0
DEALER 8,Grey3,9,Eylül,0.6857
DEALER 8,Grey3,10,Ekim,1.3714
DEALER 8,Grey3,11,Kasım,3.4286
DEALER 8,Grey3,12,Aralık,1.0286
DEALER 8,Grey2,1,Ocak,1.8947
DEALER 8,Grey2,2,Şubat,1.2632
DEALER 8,Grey2,3,Mart,3.7895
DEALER 8,Grey2,4,Nisan,0.0
DEALER 8,Grey2,5,Mayıs,1.2632
DEALER 8,Grey2,6,Haziran,0.0
DEALER 8,Grey2,7,Temmuz,0.6316
DEALER 8,Grey2,8,Ağustos,1.2632
DEALER 8,Grey2,9,Eylül,0.0
DEALER 8,Grey2,10,Ekim,0.0
DEALER 8,Grey2,11,Kasım,1.2632
DEALER 8,Grey2,12,Aralık,0.6316
DEALER 8,White1,1,Ocak,0.96
DEALER 8,White1,2,Şubat,0.96
DEALER 8,White1,3,Mart,0.0
DEALER 8,White1,4,Nisan,0.96
DEALER 8,White1,5,Mayıs,0.96
DEALER 8,White1,6,Haziran,0.0
DEALER 8,White1,7,Temmuz,1.92
DEALER 8,White1,8,Ağustos,1.92
DEALER 8,White1,9,Eylül,0.96
DEALER 8,White1,10,Ekim,1.92
DEALER 8,White1,11,Kasım,1.44
DEALER 8,White1,12,Aralık,0.0
DEALER 9,Black2,1,Ocak,0.0
DEALER 9,Black2,2,Şubat,0.0
DEALER 9,Black2,3,Mart,2.25
DEALER 9,Black2,4,Nisan,1.5
DEALER 9,Black2,5,Mayıs,1.5
DEALER 9,Black2,6,Haziran,0.0
DEALER 9,Black2,7,Temmuz,1.5
DEALER 9,Black2,8,Ağustos,2.25
DEALER 9,Black2,9,Eylül,0.0
DEALER 9,Black2,10,Ekim,0.0
DEALER 9,Black2,11,Kasım,3.0
DEALER 9,Black2,12,Aralık,0.0
DEALER 9,Grey3,1,Ocak,1.2
DEALER 9,Grey3,2,Şubat,1.2
DEALER 9,Grey3,3,Mart,1.2
DEALER 9,Grey3,4,Nisan,0.0
DEALER 9,Grey3,5,Mayıs,1.2
DEALER 9,Grey3,6,Haziran,1.2
DEALER 9,Grey3,7,Temmuz,2.4
DEALER 9,Grey3,8,Ağustos,2.4
DEALER 9,Grey3,9,Eylül,1.2
DEALER 9,Grey3,10,Ekim,0.0
DEALER 9,Grey3,11,Kasım,0.0
DEALER 9,Grey3,12,Aralık,0.0
DEALER 9,White2,1,Ocak,0.0
DEALER 9,White2,2,Şubat,0.0
DEALER 9,White2,3,Mart,0.0
DEALER 9,White2,4,Nisan,0.0
DEALER 9,White2,5,Mayıs,0.0
DEALER 9,White2,6,Haziran,2.6667
DEALER 9,White2,7,Temmuz,1.3333
DEALER 9,White2,8,Ağustos,2.6667
DEALER 9,White2,9,Eylül,1.3333
DEALER 9,White2,10,Ekim,1.3333
DEALER 9,White2,11,Kasım,0.0
DEALER 9,White2,12,Aralık,2.6667
DEALER 9,Black1,1,Ocak,2.4
DEALER 9,Black1,2,Şubat,1.2
DEALER 9,Black1,3,Mart,2.4
DEALER 9,Black1,4,Nisan,0.0
DEALER 9,Black1,5,Mayıs,1.2
DEALER 9,Black1,6,Haziran,0.0
DEALER 9,Black1,7,Temmuz,0.0
DEALER 9,Black1,8,Ağustos,1.2
DEALER 9,Black1,9,Eylül,1.2
DEALER 9,Black1,10,Ekim,1.2
DEALER 9,Black1,11,Kasım,0.0
DEALER 9,Black1,12,Aralık,1.2
DEALER 9,Grey2,1,Ocak,1.7143
DEALER 9,Grey2,2,Şubat,1.7143
DEALER 9,Grey2,3,Mart,0.0
DEALER 9,Grey2,4,Nisan,3.4286
DEALER 9,Grey2,5,Mayıs,1.7143
DEALER 9,Grey2,6,Haziran,0.0
DEALER 9,Grey2,7,Temmuz,0.0
DEALER 9,Grey2,8,Ağustos,1.7143
DEALER 9,Grey2,9,Eylül,0.0
DEALER 9,Grey2,10,Ekim,1.7143
DEALER 9,Grey2,11,Kasım,0.0
DEALER 9,Grey2,12,Aralık,0.0
